主页,头像URL,序号,用户ID,用户名,管理员,类型,获取时间,贡献次数,页码
https://github.com/bpasero,https://avatars.githubusercontent.com/u/900690?v=4,1,900690,bpasero,True,User,2026-01-26T20:07:28.099694,14341,1
https://github.com/jrieken,https://avatars.githubusercontent.com/u/1794099?v=4,2,1794099,jrieken,True,User,2026-01-26T20:07:28.099694,12429,1
https://github.com/Tyriar,https://avatars.githubusercontent.com/u/2193314?v=4,3,2193314,Tyriar,True,User,2026-01-26T20:07:28.099694,12408,1
https://github.com/mjbvz,https://avatars.githubusercontent.com/u/12821956?v=4,4,12821956,mjbvz,True,User,2026-01-26T20:07:28.099694,9694,1
https://github.com/joaomoreno,https://avatars.githubusercontent.com/u/22350?v=4,5,22350,joaomoreno,True,User,2026-01-26T20:07:28.099694,8734,1
https://github.com/sandy081,https://avatars.githubusercontent.com/u/10746682?v=4,6,10746682,sandy081,True,User,2026-01-26T20:07:28.099694,8493,1
https://github.com/alexdima,https://avatars.githubusercontent.com/u/5047891?v=4,7,5047891,alexdima,True,User,2026-01-26T20:07:28.099694,7698,1
https://github.com/isidorn,https://avatars.githubusercontent.com/u/1926584?v=4,8,1926584,isidorn,True,User,2026-01-26T20:07:28.099694,6086,1
https://github.com/roblourens,https://avatars.githubusercontent.com/u/323878?v=4,9,323878,roblourens,True,User,2026-01-26T20:07:28.099694,5486,1
https://github.com/aeschli,https://avatars.githubusercontent.com/u/6461412?v=4,10,6461412,aeschli,True,User,2026-01-26T20:07:28.099694,5018,1
https://github.com/rebornix,https://avatars.githubusercontent.com/u/876920?v=4,11,876920,rebornix,True,User,2026-01-26T20:07:28.099694,4947,1
https://github.com/meganrogge,https://avatars.githubusercontent.com/u/29464607?v=4,12,29464607,meganrogge,True,User,2026-01-26T20:07:28.099694,4523,1
https://github.com/alexr00,https://avatars.githubusercontent.com/u/38270282?v=4,13,38270282,alexr00,True,User,2026-01-26T20:07:28.099694,2665,1
https://github.com/connor4312,https://avatars.githubusercontent.com/u/2230985?v=4,14,2230985,connor4312,True,User,2026-01-26T20:07:28.099694,2531,1
https://github.com/hediet,https://avatars.githubusercontent.com/u/2931520?v=4,15,2931520,hediet,True,User,2026-01-26T20:07:28.099694,2332,1
https://github.com/lszomoru,https://avatars.githubusercontent.com/u/3372902?v=4,16,3372902,lszomoru,True,User,2026-01-26T20:07:28.099694,2089,1
https://github.com/sbatten,https://avatars.githubusercontent.com/u/6561887?v=4,17,6561887,sbatten,True,User,2026-01-26T20:07:28.099694,1635,1
https://github.com/aiday-mar,https://avatars.githubusercontent.com/u/61460952?v=4,18,61460952,aiday-mar,False,User,2026-01-26T20:07:28.099694,1552,1
https://github.com/chrmarti,https://avatars.githubusercontent.com/u/9205389?v=4,19,9205389,chrmarti,True,User,2026-01-26T20:07:28.099694,1197,1
https://github.com/TylerLeonhardt,https://avatars.githubusercontent.com/u/2644648?v=4,20,2644648,TylerLeonhardt,True,User,2026-01-26T20:07:28.099694,1186,1
https://github.com/weinand,https://avatars.githubusercontent.com/u/1898161?v=4,21,1898161,weinand,False,User,2026-01-26T20:07:28.099694,1164,1
https://github.com/benibenj,https://avatars.githubusercontent.com/u/44439583?v=4,22,44439583,benibenj,True,User,2026-01-26T20:07:28.099694,1090,1
https://github.com/dbaeumer,https://avatars.githubusercontent.com/u/1931590?v=4,23,1931590,dbaeumer,True,User,2026-01-26T20:07:28.099694,991,1
https://github.com/lramos15,https://avatars.githubusercontent.com/u/4544166?v=4,24,4544166,lramos15,True,User,2026-01-26T20:07:28.099694,990,1
https://github.com/joyceerhl,https://avatars.githubusercontent.com/u/30305945?v=4,25,30305945,joyceerhl,False,User,2026-01-26T20:07:28.099694,899,1
https://github.com/amunger,https://avatars.githubusercontent.com/u/2019016?v=4,26,2019016,amunger,False,User,2026-01-26T20:07:28.099694,857,1
https://github.com/rzhao271,https://avatars.githubusercontent.com/u/7199958?v=4,27,7199958,rzhao271,True,User,2026-01-26T20:07:28.099694,818,1
https://github.com/ramya-rao-a,https://avatars.githubusercontent.com/u/16890566?v=4,28,16890566,ramya-rao-a,False,User,2026-01-26T20:07:28.099694,758,1
https://github.com/deepak1556,https://avatars.githubusercontent.com/u/964386?v=4,29,964386,deepak1556,False,User,2026-01-26T20:07:28.099694,677,1
https://github.com/legomushroom,https://avatars.githubusercontent.com/u/1478800?v=4,30,1478800,legomushroom,True,User,2026-01-26T20:07:28.099694,658,1
https://github.com/octref,https://avatars.githubusercontent.com/u/4033249?v=4,31,4033249,octref,False,User,2026-01-26T20:07:28.099694,657,1
https://github.com/apps/copilot-swe-agent,https://avatars.githubusercontent.com/in/1143301?v=4,32,198982749,Copilot,False,Bot,2026-01-26T20:07:28.099694,514,1
https://github.com/justschen,https://avatars.githubusercontent.com/u/54879025?v=4,33,54879025,justschen,True,User,2026-01-26T20:07:28.099694,506,1
https://github.com/DonJayamanne,https://avatars.githubusercontent.com/u/1948812?v=4,34,1948812,DonJayamanne,True,User,2026-01-26T20:07:28.099694,464,1
https://github.com/daviddossett,https://avatars.githubusercontent.com/u/25163139?v=4,35,25163139,daviddossett,True,User,2026-01-26T20:07:28.099694,451,1
https://github.com/bhavyaus,https://avatars.githubusercontent.com/u/25044782?v=4,36,25044782,bhavyaus,True,User,2026-01-26T20:07:28.099694,427,1
https://github.com/dmitrivMS,https://avatars.githubusercontent.com/u/9581278?v=4,37,9581278,dmitrivMS,True,User,2026-01-26T20:07:28.099694,417,1
https://github.com/osortega,https://avatars.githubusercontent.com/u/48293249?v=4,38,48293249,osortega,True,User,2026-01-26T20:07:28.099694,374,1
https://github.com/andreamah,https://avatars.githubusercontent.com/u/31675041?v=4,39,31675041,andreamah,True,User,2026-01-26T20:07:28.099694,359,1
https://github.com/kieferrm,https://avatars.githubusercontent.com/u/4674940?v=4,40,4674940,kieferrm,True,User,2026-01-26T20:07:28.099694,316,1
https://github.com/michelkaporin,https://avatars.githubusercontent.com/u/2239563?v=4,41,2239563,michelkaporin,False,User,2026-01-26T20:07:28.099694,311,1
https://github.com/dstorey,https://avatars.githubusercontent.com/u/465069?v=4,42,465069,dstorey,False,User,2026-01-26T20:07:28.099694,310,1
https://github.com/jeanp413,https://avatars.githubusercontent.com/u/25115070?v=4,43,25115070,jeanp413,False,User,2026-01-26T20:07:28.099694,303,1
https://github.com/joshspicer,https://avatars.githubusercontent.com/u/23246594?v=4,44,23246594,joshspicer,True,User,2026-01-26T20:07:28.099694,291,1
https://github.com/ulugbekna,https://avatars.githubusercontent.com/u/16353531?v=4,45,16353531,ulugbekna,True,User,2026-01-26T20:07:28.099694,286,1
https://github.com/mrleemurray,https://avatars.githubusercontent.com/u/25487940?v=4,46,25487940,mrleemurray,False,User,2026-01-26T20:07:28.099694,286,1
https://github.com/egamma,https://avatars.githubusercontent.com/u/172399?v=4,47,172399,egamma,True,User,2026-01-26T20:07:28.099694,266,1
https://github.com/gjsjohnmurray,https://avatars.githubusercontent.com/u/6726799?v=4,48,6726799,gjsjohnmurray,False,User,2026-01-26T20:07:28.099694,226,1
https://github.com/Yoyokrazy,https://avatars.githubusercontent.com/u/12552271?v=4,49,12552271,Yoyokrazy,True,User,2026-01-26T20:07:28.099694,203,1
https://github.com/digitarald,https://avatars.githubusercontent.com/u/8599?v=4,50,8599,digitarald,True,User,2026-01-26T20:07:28.099694,196,1
https://github.com/apps/dependabot,https://avatars.githubusercontent.com/in/29110?v=4,51,49699333,dependabot[bot],False,Bot,2026-01-26T20:07:28.099694,191,1
https://github.com/SimonSiefke,https://avatars.githubusercontent.com/u/23744935?v=4,52,23744935,SimonSiefke,False,User,2026-01-26T20:07:28.099694,171,1
https://github.com/eli-w-king,https://avatars.githubusercontent.com/u/201316543?v=4,53,201316543,eli-w-king,True,User,2026-01-26T20:07:28.099694,124,1
https://github.com/Lixire,https://avatars.githubusercontent.com/u/13241824?v=4,54,13241824,Lixire,False,User,2026-01-26T20:07:28.099694,109,1
https://github.com/bgashler1,https://avatars.githubusercontent.com/u/11839736?v=4,55,11839736,bgashler1,False,User,2026-01-26T20:07:28.099694,94,1
https://github.com/anthonykim1,https://avatars.githubusercontent.com/u/62267334?v=4,56,62267334,anthonykim1,False,User,2026-01-26T20:07:28.099694,90,1
https://github.com/chrisdias,https://avatars.githubusercontent.com/u/1487073?v=4,57,1487073,chrisdias,False,User,2026-01-26T20:07:28.099694,88,1
https://github.com/usernamehw,https://avatars.githubusercontent.com/u/9638156?v=4,58,9638156,usernamehw,False,User,2026-01-26T20:07:28.099694,87,1
https://github.com/cleidigh,https://avatars.githubusercontent.com/u/25272315?v=4,59,25272315,cleidigh,False,User,2026-01-26T20:07:28.099694,86,1
https://github.com/bryanchen-d,https://avatars.githubusercontent.com/u/41454397?v=4,60,41454397,bryanchen-d,True,User,2026-01-26T20:07:28.099694,81,1
https://github.com/babakks,https://avatars.githubusercontent.com/u/36728931?v=4,61,36728931,babakks,True,User,2026-01-26T20:07:28.099694,73,1
https://github.com/Kalmaegi,https://avatars.githubusercontent.com/u/17105034?v=4,62,17105034,Kalmaegi,False,User,2026-01-26T20:07:28.099694,67,1
https://github.com/GabeDeBacker,https://avatars.githubusercontent.com/u/6741868?v=4,63,6741868,GabeDeBacker,False,User,2026-01-26T20:07:28.099694,66,1
https://github.com/danyeh,https://avatars.githubusercontent.com/u/19785531?v=4,64,19785531,danyeh,False,User,2026-01-26T20:07:28.099694,63,1
https://github.com/eleanorjboyd,https://avatars.githubusercontent.com/u/26030610?v=4,65,26030610,eleanorjboyd,True,User,2026-01-26T20:07:28.099694,63,1
https://github.com/Krzysztof-Cieslak,https://avatars.githubusercontent.com/u/5427083?v=4,66,5427083,Krzysztof-Cieslak,True,User,2026-01-26T20:07:28.099694,60,1
https://github.com/pwang347,https://avatars.githubusercontent.com/u/8560030?v=4,67,8560030,pwang347,True,User,2026-01-26T20:07:28.099694,52,1
https://github.com/rchiodo,https://avatars.githubusercontent.com/u/19672699?v=4,68,19672699,rchiodo,False,User,2026-01-26T20:07:28.099694,50,1
https://github.com/cpendery,https://avatars.githubusercontent.com/u/35637443?v=4,69,35637443,cpendery,False,User,2026-01-26T20:07:28.099694,50,1
https://github.com/Chuxel,https://avatars.githubusercontent.com/u/312252?v=4,70,312252,Chuxel,True,User,2026-01-26T20:07:28.099694,50,1
https://github.com/eamodio,https://avatars.githubusercontent.com/u/641685?v=4,71,641685,eamodio,False,User,2026-01-26T20:07:28.099694,48,1
https://github.com/Kingwl,https://avatars.githubusercontent.com/u/6831019?v=4,72,6831019,Kingwl,False,User,2026-01-26T20:07:28.099694,45,1
https://github.com/xisui-MSFT,https://avatars.githubusercontent.com/u/44103947?v=4,73,44103947,xisui-MSFT,False,User,2026-01-26T20:07:28.099694,45,1
https://github.com/ssigwart,https://avatars.githubusercontent.com/u/1426848?v=4,74,1426848,ssigwart,False,User,2026-01-26T20:07:28.099694,45,1
https://github.com/tsalinger,https://avatars.githubusercontent.com/u/15158320?v=4,75,15158320,tsalinger,False,User,2026-01-26T20:07:28.099694,40,1
https://github.com/skprabhanjan,https://avatars.githubusercontent.com/u/17094832?v=4,76,17094832,skprabhanjan,False,User,2026-01-26T20:07:28.099694,38,1
https://github.com/sandersn,https://avatars.githubusercontent.com/u/293473?v=4,77,293473,sandersn,True,User,2026-01-26T20:07:28.099694,38,1
https://github.com/solomatov,https://avatars.githubusercontent.com/u/1268556?v=4,78,1268556,solomatov,False,User,2026-01-26T20:07:28.099694,37,1
https://github.com/rianadon,https://avatars.githubusercontent.com/u/18223213?v=4,79,18223213,rianadon,False,User,2026-01-26T20:07:28.099694,35,1
https://github.com/Ikuyadeu,https://avatars.githubusercontent.com/u/8369346?v=4,80,8369346,Ikuyadeu,False,User,2026-01-26T20:07:28.099694,34,1
https://github.com/SoloJiang,https://avatars.githubusercontent.com/u/14757289?v=4,81,14757289,SoloJiang,False,User,2026-01-26T20:07:28.099694,34,1
https://github.com/andrewbranch,https://avatars.githubusercontent.com/u/3277153?v=4,82,3277153,andrewbranch,False,User,2026-01-26T20:07:28.099694,33,1
https://github.com/yiliang114,https://avatars.githubusercontent.com/u/11473889?v=4,83,11473889,yiliang114,False,User,2026-01-26T20:07:28.099694,32,1
https://github.com/hbons,https://avatars.githubusercontent.com/u/103326?v=4,84,103326,hbons,False,User,2026-01-26T20:07:28.099694,31,1
https://github.com/keegancsmith,https://avatars.githubusercontent.com/u/187831?v=4,85,187831,keegancsmith,False,User,2026-01-26T20:07:28.099694,31,1
https://github.com/iansan5653,https://avatars.githubusercontent.com/u/2294248?v=4,86,2294248,iansan5653,True,User,2026-01-26T20:07:28.099694,30,1
https://github.com/hun1ahpu,https://avatars.githubusercontent.com/u/4397796?v=4,87,4397796,hun1ahpu,False,User,2026-01-26T20:07:28.099694,29,1
https://github.com/nguyenchristy,https://avatars.githubusercontent.com/u/216756493?v=4,88,216756493,nguyenchristy,False,User,2026-01-26T20:07:28.099694,29,1
https://github.com/nrayburn-cyber,https://avatars.githubusercontent.com/u/99692516?v=4,89,99692516,nrayburn-cyber,False,User,2026-01-26T20:07:28.099694,28,1
https://github.com/hsfzxjy,https://avatars.githubusercontent.com/u/4702188?v=4,90,4702188,hsfzxjy,False,User,2026-01-26T20:07:28.099694,27,1
https://github.com/a-stewart,https://avatars.githubusercontent.com/u/150152?v=4,91,150152,a-stewart,False,User,2026-01-26T20:07:28.099694,27,1
https://github.com/bamurtaugh,https://avatars.githubusercontent.com/u/25310137?v=4,92,25310137,bamurtaugh,True,User,2026-01-26T20:07:28.099694,27,1
https://github.com/flurmbo,https://avatars.githubusercontent.com/u/35127144?v=4,93,35127144,flurmbo,False,User,2026-01-26T20:07:28.099694,27,1
https://github.com/jmbockhorst,https://avatars.githubusercontent.com/u/44308390?v=4,94,44308390,jmbockhorst,False,User,2026-01-26T20:07:28.099694,27,1
https://github.com/kamranayub,https://avatars.githubusercontent.com/u/563819?v=4,95,563819,kamranayub,False,User,2026-01-26T20:07:28.099694,26,1
https://github.com/tanhakabir,https://avatars.githubusercontent.com/u/12758612?v=4,96,12758612,tanhakabir,False,User,2026-01-26T20:07:28.099694,26,1
https://github.com/chrispat,https://avatars.githubusercontent.com/u/185122?v=4,97,185122,chrispat,True,User,2026-01-26T20:07:28.099694,26,1
https://github.com/rehmsen,https://avatars.githubusercontent.com/u/29040?v=4,98,29040,rehmsen,False,User,2026-01-26T20:07:28.099694,25,1
https://github.com/tisilent,https://avatars.githubusercontent.com/u/48614781?v=4,99,48614781,tisilent,False,User,2026-01-26T20:07:28.099694,25,1
https://github.com/gabritto,https://avatars.githubusercontent.com/u/19519347?v=4,100,19519347,gabritto,False,User,2026-01-26T20:07:28.099694,24,1
https://github.com/sana-ajani,https://avatars.githubusercontent.com/u/9721254?v=4,101,9721254,sana-ajani,False,User,2026-01-26T20:07:29.354575,23,2
https://github.com/RedCMD,https://avatars.githubusercontent.com/u/33529441?v=4,102,33529441,RedCMD,False,User,2026-01-26T20:07:29.354575,23,2
https://github.com/pprice,https://avatars.githubusercontent.com/u/1278995?v=4,103,1278995,pprice,False,User,2026-01-26T20:07:29.354575,22,2
https://github.com/hwhung0111,https://avatars.githubusercontent.com/u/57104699?v=4,104,57104699,hwhung0111,False,User,2026-01-26T20:07:29.354575,22,2
https://github.com/yuehuang010,https://avatars.githubusercontent.com/u/19828377?v=4,105,19828377,yuehuang010,False,User,2026-01-26T20:07:29.354575,22,2
https://github.com/rwe,https://avatars.githubusercontent.com/u/447615?v=4,106,447615,rwe,False,User,2026-01-26T20:07:29.354575,22,2
https://github.com/r3m0t,https://avatars.githubusercontent.com/u/1485998?v=4,107,1485998,r3m0t,False,User,2026-01-26T20:07:29.354575,22,2
https://github.com/pkoushik0,https://avatars.githubusercontent.com/u/157508988?v=4,108,157508988,pkoushik0,False,User,2026-01-26T20:07:29.354575,22,2
https://github.com/tony-xia,https://avatars.githubusercontent.com/u/11069971?v=4,109,11069971,tony-xia,False,User,2026-01-26T20:07:29.354575,22,2
https://github.com/etriebe,https://avatars.githubusercontent.com/u/7503160?v=4,110,7503160,etriebe,False,User,2026-01-26T20:07:29.354575,21,2
https://github.com/remcohaszing,https://avatars.githubusercontent.com/u/779047?v=4,111,779047,remcohaszing,False,User,2026-01-26T20:07:29.354575,21,2
https://github.com/ChayimFriedman2,https://avatars.githubusercontent.com/u/24700207?v=4,112,24700207,ChayimFriedman2,False,User,2026-01-26T20:07:29.354575,21,2
https://github.com/brandontruggles,https://avatars.githubusercontent.com/u/6752598?v=4,113,6752598,brandontruggles,False,User,2026-01-26T20:07:29.354575,21,2
https://github.com/katainaka0503,https://avatars.githubusercontent.com/u/24622920?v=4,114,24622920,katainaka0503,False,User,2026-01-26T20:07:29.354575,21,2
https://github.com/kycutler,https://avatars.githubusercontent.com/u/67761731?v=4,115,67761731,kycutler,True,User,2026-01-26T20:07:29.354575,20,2
https://github.com/SrTobi,https://avatars.githubusercontent.com/u/4148534?v=4,116,4148534,SrTobi,False,User,2026-01-26T20:07:29.354575,20,2
https://github.com/cobey,https://avatars.githubusercontent.com/u/8754258?v=4,117,8754258,cobey,True,User,2026-01-26T20:07:29.354575,20,2
https://github.com/MeghanKulkarni,https://avatars.githubusercontent.com/u/29208738?v=4,118,29208738,MeghanKulkarni,False,User,2026-01-26T20:07:29.354575,20,2
https://github.com/notoriousmango,https://avatars.githubusercontent.com/u/32555977?v=4,119,32555977,notoriousmango,False,User,2026-01-26T20:07:29.354575,20,2
https://github.com/IllusionMH,https://avatars.githubusercontent.com/u/1312662?v=4,120,1312662,IllusionMH,False,User,2026-01-26T20:07:29.354575,19,2
https://github.com/BABA983,https://avatars.githubusercontent.com/u/38986298?v=4,121,38986298,BABA983,False,User,2026-01-26T20:07:29.354575,19,2
https://github.com/benvillalobos,https://avatars.githubusercontent.com/u/4691428?v=4,122,4691428,benvillalobos,True,User,2026-01-26T20:07:29.354575,19,2
https://github.com/shobhitchittora,https://avatars.githubusercontent.com/u/4711855?v=4,123,4711855,shobhitchittora,False,User,2026-01-26T20:07:29.354575,19,2
https://github.com/tamuratak,https://avatars.githubusercontent.com/u/10665499?v=4,124,10665499,tamuratak,False,User,2026-01-26T20:07:29.354575,19,2
https://github.com/felixfbecker,https://avatars.githubusercontent.com/u/10532611?v=4,125,10532611,felixfbecker,False,User,2026-01-26T20:07:29.354575,18,2
https://github.com/NriotHrreion,https://avatars.githubusercontent.com/u/50199130?v=4,126,50199130,NriotHrreion,False,User,2026-01-26T20:07:29.354575,18,2
https://github.com/CGNonofr,https://avatars.githubusercontent.com/u/23257479?v=4,127,23257479,CGNonofr,False,User,2026-01-26T20:07:29.354575,18,2
https://github.com/tmm1,https://avatars.githubusercontent.com/u/2567?v=4,128,2567,tmm1,False,User,2026-01-26T20:07:29.354575,17,2
https://github.com/dineshc-msft,https://avatars.githubusercontent.com/u/43796661?v=4,129,43796661,dineshc-msft,False,User,2026-01-26T20:07:29.354575,17,2
https://github.com/DustinCampbell,https://avatars.githubusercontent.com/u/116161?v=4,130,116161,DustinCampbell,False,User,2026-01-26T20:07:29.354575,17,2
https://github.com/qcz,https://avatars.githubusercontent.com/u/304384?v=4,131,304384,qcz,False,User,2026-01-26T20:07:29.354575,17,2
https://github.com/leilapearson,https://avatars.githubusercontent.com/u/873990?v=4,132,873990,leilapearson,False,User,2026-01-26T20:07:29.354575,17,2
https://github.com/jruales,https://avatars.githubusercontent.com/u/1588988?v=4,133,1588988,jruales,True,User,2026-01-26T20:07:29.354575,17,2
https://github.com/marrej,https://avatars.githubusercontent.com/u/13024177?v=4,134,13024177,marrej,False,User,2026-01-26T20:07:29.354575,16,2
https://github.com/zhichli,https://avatars.githubusercontent.com/u/57812115?v=4,135,57812115,zhichli,True,User,2026-01-26T20:07:29.354575,16,2
https://github.com/zardoy,https://avatars.githubusercontent.com/u/46503702?v=4,136,46503702,zardoy,False,User,2026-01-26T20:07:29.354575,16,2
https://github.com/f111fei,https://avatars.githubusercontent.com/u/7069719?v=4,137,7069719,f111fei,False,User,2026-01-26T20:07:29.354575,16,2
https://github.com/shskwmt,https://avatars.githubusercontent.com/u/17052177?v=4,138,17052177,shskwmt,False,User,2026-01-26T20:07:29.354575,16,2
https://github.com/9at8,https://avatars.githubusercontent.com/u/8235156?v=4,139,8235156,9at8,False,User,2026-01-26T20:07:29.354575,16,2
https://github.com/mrmlnc,https://avatars.githubusercontent.com/u/7034281?v=4,140,7034281,mrmlnc,False,User,2026-01-26T20:07:29.354575,16,2
https://github.com/nicksnyder,https://avatars.githubusercontent.com/u/754768?v=4,141,754768,nicksnyder,False,User,2026-01-26T20:07:29.354575,16,2
https://github.com/MonadChains,https://avatars.githubusercontent.com/u/105170638?v=4,142,105170638,MonadChains,False,User,2026-01-26T20:07:29.354575,16,2
https://github.com/hughlilly,https://avatars.githubusercontent.com/u/12046008?v=4,143,12046008,hughlilly,False,User,2026-01-26T20:07:29.354575,15,2
https://github.com/be5invis,https://avatars.githubusercontent.com/u/240091?v=4,144,240091,be5invis,False,User,2026-01-26T20:07:29.354575,15,2
https://github.com/OneThatWalks,https://avatars.githubusercontent.com/u/644628?v=4,145,644628,OneThatWalks,False,User,2026-01-26T20:07:29.354575,14,2
https://github.com/SnirBroshi,https://avatars.githubusercontent.com/u/26556598?v=4,146,26556598,SnirBroshi,False,User,2026-01-26T20:07:29.354575,14,2
https://github.com/jjaeggli,https://avatars.githubusercontent.com/u/13710580?v=4,147,13710580,jjaeggli,False,User,2026-01-26T20:07:29.354575,14,2
https://github.com/karthiknadig,https://avatars.githubusercontent.com/u/3840081?v=4,148,3840081,karthiknadig,True,User,2026-01-26T20:07:29.354575,14,2
https://github.com/marvinruder,https://avatars.githubusercontent.com/u/18495294?v=4,149,18495294,marvinruder,False,User,2026-01-26T20:07:29.354575,14,2
https://github.com/wade-ryan,https://avatars.githubusercontent.com/u/95256005?v=4,150,95256005,wade-ryan,False,User,2026-01-26T20:07:29.354575,14,2
https://github.com/zgracem,https://avatars.githubusercontent.com/u/1896569?v=4,151,1896569,zgracem,False,User,2026-01-26T20:07:29.354575,14,2
https://github.com/PathToLife,https://avatars.githubusercontent.com/u/12622625?v=4,152,12622625,PathToLife,False,User,2026-01-26T20:07:29.354575,14,2
https://github.com/dileepyavan,https://avatars.githubusercontent.com/u/52841896?v=4,153,52841896,dileepyavan,True,User,2026-01-26T20:07:29.354575,14,2
https://github.com/kisstkondoros,https://avatars.githubusercontent.com/u/14231157?v=4,154,14231157,kisstkondoros,False,User,2026-01-26T20:07:29.354575,13,2
https://github.com/baileyherbert,https://avatars.githubusercontent.com/u/9532377?v=4,155,9532377,baileyherbert,False,User,2026-01-26T20:07:29.354575,13,2
https://github.com/DanielRosenwasser,https://avatars.githubusercontent.com/u/972891?v=4,156,972891,DanielRosenwasser,True,User,2026-01-26T20:07:29.354575,13,2
https://github.com/dlech,https://avatars.githubusercontent.com/u/963645?v=4,157,963645,dlech,False,User,2026-01-26T20:07:29.354575,13,2
https://github.com/roottool,https://avatars.githubusercontent.com/u/11808736?v=4,158,11808736,roottool,False,User,2026-01-26T20:07:29.354575,13,2
https://github.com/chenjigeng,https://avatars.githubusercontent.com/u/14784326?v=4,159,14784326,chenjigeng,False,User,2026-01-26T20:07:29.354575,13,2
https://github.com/noellelc,https://avatars.githubusercontent.com/u/63023800?v=4,160,63023800,noellelc,True,User,2026-01-26T20:07:29.354575,13,2
https://github.com/nikdmello,https://avatars.githubusercontent.com/u/6281322?v=4,161,6281322,nikdmello,False,User,2026-01-26T20:07:29.354575,13,2
https://github.com/gushuro,https://avatars.githubusercontent.com/u/5607882?v=4,162,5607882,gushuro,False,User,2026-01-26T20:07:29.354575,13,2
https://github.com/andrewitsover,https://avatars.githubusercontent.com/u/960753?v=4,163,960753,andrewitsover,False,User,2026-01-26T20:07:29.354575,12,2
https://github.com/dalongi,https://avatars.githubusercontent.com/u/1166263?v=4,164,1166263,dalongi,False,User,2026-01-26T20:07:29.354575,12,2
https://github.com/eltociear,https://avatars.githubusercontent.com/u/22633385?v=4,165,22633385,eltociear,False,User,2026-01-26T20:07:29.354575,12,2
https://github.com/nojaf,https://avatars.githubusercontent.com/u/2621499?v=4,166,2621499,nojaf,False,User,2026-01-26T20:07:29.354575,12,2
https://github.com/svipas,https://avatars.githubusercontent.com/u/10441177?v=4,167,10441177,svipas,False,User,2026-01-26T20:07:29.354575,12,2
https://github.com/flexiondotorg,https://avatars.githubusercontent.com/u/304639?v=4,168,304639,flexiondotorg,False,User,2026-01-26T20:07:29.354575,12,2
https://github.com/ntrogh,https://avatars.githubusercontent.com/u/1908215?v=4,169,1908215,ntrogh,True,User,2026-01-26T20:07:29.354575,12,2
https://github.com/segevfiner,https://avatars.githubusercontent.com/u/24731903?v=4,170,24731903,segevfiner,False,User,2026-01-26T20:07:29.354575,12,2
https://github.com/vijayupadya,https://avatars.githubusercontent.com/u/41652029?v=4,171,41652029,vijayupadya,True,User,2026-01-26T20:07:29.354575,12,2
https://github.com/oriash93,https://avatars.githubusercontent.com/u/14019835?v=4,172,14019835,oriash93,False,User,2026-01-26T20:07:29.354575,12,2
https://github.com/turara,https://avatars.githubusercontent.com/u/10044588?v=4,173,10044588,turara,False,User,2026-01-26T20:07:29.354575,12,2
https://github.com/cristianhosu,https://avatars.githubusercontent.com/u/17679598?v=4,174,17679598,cristianhosu,False,User,2026-01-26T20:07:29.354575,12,2
https://github.com/yavanosta,https://avatars.githubusercontent.com/u/577154?v=4,175,577154,yavanosta,False,User,2026-01-26T20:07:29.354575,12,2
https://github.com/aslezar,https://avatars.githubusercontent.com/u/97354675?v=4,176,97354675,aslezar,False,User,2026-01-26T20:07:29.354575,12,2
https://github.com/Timmmm,https://avatars.githubusercontent.com/u/376842?v=4,177,376842,Timmmm,False,User,2026-01-26T20:07:29.354575,11,2
https://github.com/jzyrobert,https://avatars.githubusercontent.com/u/20613660?v=4,178,20613660,jzyrobert,False,User,2026-01-26T20:07:29.354575,11,2
https://github.com/petevdp,https://avatars.githubusercontent.com/u/8781907?v=4,179,8781907,petevdp,False,User,2026-01-26T20:07:29.354575,11,2
https://github.com/prashantvc,https://avatars.githubusercontent.com/u/328076?v=4,180,328076,prashantvc,False,User,2026-01-26T20:07:29.354575,11,2
https://github.com/plainerman,https://avatars.githubusercontent.com/u/6825443?v=4,181,6825443,plainerman,False,User,2026-01-26T20:07:29.354575,11,2
https://github.com/dsanders11,https://avatars.githubusercontent.com/u/5820654?v=4,182,5820654,dsanders11,False,User,2026-01-26T20:07:29.354575,11,2
https://github.com/dtivel,https://avatars.githubusercontent.com/u/12734758?v=4,183,12734758,dtivel,False,User,2026-01-26T20:07:29.354575,11,2
https://github.com/suzmue,https://avatars.githubusercontent.com/u/6634754?v=4,184,6634754,suzmue,False,User,2026-01-26T20:07:29.354575,11,2
https://github.com/vsajan,https://avatars.githubusercontent.com/u/4099917?v=4,185,4099917,vsajan,False,User,2026-01-26T20:07:29.354575,11,2
https://github.com/Charles-Gagnon,https://avatars.githubusercontent.com/u/28519865?v=4,186,28519865,Charles-Gagnon,False,User,2026-01-26T20:07:29.354575,11,2
https://github.com/wraiford,https://avatars.githubusercontent.com/u/54774989?v=4,187,54774989,wraiford,False,User,2026-01-26T20:07:29.354575,11,2
https://github.com/smcenlly,https://avatars.githubusercontent.com/u/2074089?v=4,188,2074089,smcenlly,False,User,2026-01-26T20:07:29.354575,10,2
https://github.com/gangachris,https://avatars.githubusercontent.com/u/57576714?v=4,189,57576714,gangachris,False,User,2026-01-26T20:07:29.354575,10,2
https://github.com/neeleshb,https://avatars.githubusercontent.com/u/2174646?v=4,190,2174646,neeleshb,False,User,2026-01-26T20:07:29.354575,10,2
https://github.com/jakebailey,https://avatars.githubusercontent.com/u/5341706?v=4,191,5341706,jakebailey,False,User,2026-01-26T20:07:29.354575,10,2
https://github.com/mkhuzaima,https://avatars.githubusercontent.com/u/75787251?v=4,192,75787251,mkhuzaima,False,User,2026-01-26T20:07:29.354575,10,2
https://github.com/njkevlani,https://avatars.githubusercontent.com/u/15014949?v=4,193,15014949,njkevlani,False,User,2026-01-26T20:07:29.354575,10,2
https://github.com/laphets,https://avatars.githubusercontent.com/u/12796233?v=4,194,12796233,laphets,False,User,2026-01-26T20:07:29.354575,10,2
https://github.com/rudi-c,https://avatars.githubusercontent.com/u/2747897?v=4,195,2747897,rudi-c,False,User,2026-01-26T20:07:29.354575,10,2
https://github.com/irrationalRock,https://avatars.githubusercontent.com/u/16523071?v=4,196,16523071,irrationalRock,False,User,2026-01-26T20:07:29.354575,10,2
https://github.com/manjrekarom,https://avatars.githubusercontent.com/u/25369448?v=4,197,25369448,manjrekarom,False,User,2026-01-26T20:07:29.354575,10,2
https://github.com/susiwen8,https://avatars.githubusercontent.com/u/20318608?v=4,198,20318608,susiwen8,False,User,2026-01-26T20:07:29.354575,10,2
https://github.com/IanMatthewHuff,https://avatars.githubusercontent.com/u/812783?v=4,199,812783,IanMatthewHuff,True,User,2026-01-26T20:07:29.354575,10,2
https://github.com/robertrossmann,https://avatars.githubusercontent.com/u/3058150?v=4,200,3058150,robertrossmann,False,User,2026-01-26T20:07:29.354575,10,2
https://github.com/yshaojun,https://avatars.githubusercontent.com/u/18526463?v=4,201,18526463,yshaojun,False,User,2026-01-26T20:07:30.664495,10,3
https://github.com/danielfrankcom,https://avatars.githubusercontent.com/u/15225573?v=4,202,15225573,danielfrankcom,False,User,2026-01-26T20:07:30.664495,10,3
https://github.com/guywaldman,https://avatars.githubusercontent.com/u/6546430?v=4,203,6546430,guywaldman,False,User,2026-01-26T20:07:30.664495,10,3
https://github.com/ChrisPapp,https://avatars.githubusercontent.com/u/44088168?v=4,204,44088168,ChrisPapp,False,User,2026-01-26T20:07:30.664495,10,3
https://github.com/mjcrouch,https://avatars.githubusercontent.com/u/49367953?v=4,205,49367953,mjcrouch,False,User,2026-01-26T20:07:30.664495,9,3
https://github.com/devinvalenciano,https://avatars.githubusercontent.com/u/1389808?v=4,206,1389808,devinvalenciano,True,User,2026-01-26T20:07:30.664495,9,3
https://github.com/pingren,https://avatars.githubusercontent.com/u/5123601?v=4,207,5123601,pingren,False,User,2026-01-26T20:07:30.664495,9,3
https://github.com/nknguyenhc,https://avatars.githubusercontent.com/u/87511888?v=4,208,87511888,nknguyenhc,False,User,2026-01-26T20:07:30.664495,9,3
https://github.com/RishabhKothaari,https://avatars.githubusercontent.com/u/7886919?v=4,209,7886919,RishabhKothaari,False,User,2026-01-26T20:07:30.664495,9,3
https://github.com/dgozman,https://avatars.githubusercontent.com/u/9881434?v=4,210,9881434,dgozman,False,User,2026-01-26T20:07:30.664495,9,3
https://github.com/GustavoASC,https://avatars.githubusercontent.com/u/10179520?v=4,211,10179520,GustavoASC,False,User,2026-01-26T20:07:30.664495,9,3
https://github.com/hamirmahal,https://avatars.githubusercontent.com/u/43425812?v=4,212,43425812,hamirmahal,False,User,2026-01-26T20:07:30.664495,9,3
https://github.com/HaoboGu,https://avatars.githubusercontent.com/u/8640918?v=4,213,8640918,HaoboGu,False,User,2026-01-26T20:07:30.664495,9,3
https://github.com/auchenberg,https://avatars.githubusercontent.com/u/173559?v=4,214,173559,auchenberg,False,User,2026-01-26T20:07:30.664495,9,3
https://github.com/literalplus,https://avatars.githubusercontent.com/u/547070?v=4,215,547070,literalplus,False,User,2026-01-26T20:07:30.664495,9,3
https://github.com/mymikemiller,https://avatars.githubusercontent.com/u/2063229?v=4,216,2063229,mymikemiller,False,User,2026-01-26T20:07:30.664495,9,3
https://github.com/rwoll,https://avatars.githubusercontent.com/u/11915034?v=4,217,11915034,rwoll,False,User,2026-01-26T20:07:30.664495,9,3
https://github.com/ryu1kn,https://avatars.githubusercontent.com/u/1505715?v=4,218,1505715,ryu1kn,False,User,2026-01-26T20:07:30.664495,9,3
https://github.com/YisraelV,https://avatars.githubusercontent.com/u/34338840?v=4,219,34338840,YisraelV,False,User,2026-01-26T20:07:30.664495,9,3
https://github.com/initialshl,https://avatars.githubusercontent.com/u/19281538?v=4,220,19281538,initialshl,False,User,2026-01-26T20:07:30.664495,9,3
https://github.com/BuraChuhadar,https://avatars.githubusercontent.com/u/3826953?v=4,221,3826953,BuraChuhadar,False,User,2026-01-26T20:07:30.664495,9,3
https://github.com/jordanmkasla2009,https://avatars.githubusercontent.com/u/1433775?v=4,222,1433775,jordanmkasla2009,False,User,2026-01-26T20:07:30.664495,9,3
https://github.com/wistcc,https://avatars.githubusercontent.com/u/4671080?v=4,223,4671080,wistcc,False,User,2026-01-26T20:07:30.664495,8,3
https://github.com/thegecko,https://avatars.githubusercontent.com/u/61341?v=4,224,61341,thegecko,False,User,2026-01-26T20:07:30.664495,8,3
https://github.com/whistlegraph,https://avatars.githubusercontent.com/u/3620017?v=4,225,3620017,whistlegraph,False,User,2026-01-26T20:07:30.664495,8,3
https://github.com/ChaseKnowlden,https://avatars.githubusercontent.com/u/46290258?v=4,226,46290258,ChaseKnowlden,False,User,2026-01-26T20:07:30.664495,8,3
https://github.com/nrayburn-tech,https://avatars.githubusercontent.com/u/52075362?v=4,227,52075362,nrayburn-tech,False,User,2026-01-26T20:07:30.664495,8,3
https://github.com/go2sh,https://avatars.githubusercontent.com/u/150886?v=4,228,150886,go2sh,False,User,2026-01-26T20:07:30.664495,8,3
https://github.com/ctmayn,https://avatars.githubusercontent.com/u/12767551?v=4,229,12767551,ctmayn,True,User,2026-01-26T20:07:30.664495,8,3
https://github.com/Wscats,https://avatars.githubusercontent.com/u/17243165?v=4,230,17243165,Wscats,False,User,2026-01-26T20:07:30.664495,8,3
https://github.com/gyzerok,https://avatars.githubusercontent.com/u/1706020?v=4,231,1706020,gyzerok,False,User,2026-01-26T20:07:30.664495,8,3
https://github.com/gayanper,https://avatars.githubusercontent.com/u/7471994?v=4,232,7471994,gayanper,False,User,2026-01-26T20:07:30.664495,8,3
https://github.com/ArtemGovorov,https://avatars.githubusercontent.com/u/979966?v=4,233,979966,ArtemGovorov,False,User,2026-01-26T20:07:30.664495,8,3
https://github.com/hermannloose,https://avatars.githubusercontent.com/u/163766?v=4,234,163766,hermannloose,False,User,2026-01-26T20:07:30.664495,8,3
https://github.com/iliazeus,https://avatars.githubusercontent.com/u/12034832?v=4,235,12034832,iliazeus,False,User,2026-01-26T20:07:30.664495,8,3
https://github.com/jasongin,https://avatars.githubusercontent.com/u/13093042?v=4,236,13093042,jasongin,True,User,2026-01-26T20:07:30.664495,8,3
https://github.com/icfjoeld,https://avatars.githubusercontent.com/u/88986549?v=4,237,88986549,icfjoeld,False,User,2026-01-26T20:07:30.664495,8,3
https://github.com/jswillard,https://avatars.githubusercontent.com/u/54554392?v=4,238,54554392,jswillard,False,User,2026-01-26T20:07:30.664495,8,3
https://github.com/LuanVSO,https://avatars.githubusercontent.com/u/43626415?v=4,239,43626415,LuanVSO,False,User,2026-01-26T20:07:30.664495,8,3
https://github.com/hickford,https://avatars.githubusercontent.com/u/105314?v=4,240,105314,hickford,False,User,2026-01-26T20:07:30.664495,8,3
https://github.com/torn4dom4n,https://avatars.githubusercontent.com/u/27698189?v=4,241,27698189,torn4dom4n,False,User,2026-01-26T20:07:30.664495,8,3
https://github.com/lifez,https://avatars.githubusercontent.com/u/2588927?v=4,242,2588927,lifez,False,User,2026-01-26T20:07:30.664495,8,3
https://github.com/pouyakary,https://avatars.githubusercontent.com/u/2157285?v=4,243,2157285,pouyakary,False,User,2026-01-26T20:07:30.664495,8,3
https://github.com/sandeep-sen,https://avatars.githubusercontent.com/u/26223141?v=4,244,26223141,sandeep-sen,False,User,2026-01-26T20:07:30.664495,8,3
https://github.com/golf1052,https://avatars.githubusercontent.com/u/1903871?v=4,245,1903871,golf1052,False,User,2026-01-26T20:07:30.664495,8,3
https://github.com/toumorokoshi,https://avatars.githubusercontent.com/u/391240?v=4,246,391240,toumorokoshi,False,User,2026-01-26T20:07:30.664495,8,3
https://github.com/adrianstephens,https://avatars.githubusercontent.com/u/4606718?v=4,247,4606718,adrianstephens,False,User,2026-01-26T20:07:30.664495,8,3
https://github.com/svitlana-galianova,https://avatars.githubusercontent.com/u/31850821?v=4,248,31850821,svitlana-galianova,False,User,2026-01-26T20:07:30.664495,7,3
https://github.com/Eskibear,https://avatars.githubusercontent.com/u/2351748?v=4,249,2351748,Eskibear,False,User,2026-01-26T20:07:30.664495,7,3
https://github.com/harbin1053020115,https://avatars.githubusercontent.com/u/2869750?v=4,250,2869750,harbin1053020115,False,User,2026-01-26T20:07:30.664495,7,3
https://github.com/mkenigs,https://avatars.githubusercontent.com/u/40775676?v=4,251,40775676,mkenigs,False,User,2026-01-26T20:07:30.664495,7,3
https://github.com/connorskees,https://avatars.githubusercontent.com/u/39542938?v=4,252,39542938,connorskees,False,User,2026-01-26T20:07:30.664495,7,3
https://github.com/jacekkopecky,https://avatars.githubusercontent.com/u/807315?v=4,253,807315,jacekkopecky,False,User,2026-01-26T20:07:30.664495,7,3
https://github.com/DiamondYuan,https://avatars.githubusercontent.com/u/9692408?v=4,254,9692408,DiamondYuan,False,User,2026-01-26T20:07:30.664495,7,3
https://github.com/eronnen,https://avatars.githubusercontent.com/u/63298684?v=4,255,63298684,eronnen,False,User,2026-01-26T20:07:30.664495,7,3
https://github.com/anki-code,https://avatars.githubusercontent.com/u/1708680?v=4,256,1708680,anki-code,False,User,2026-01-26T20:07:30.664495,7,3
https://github.com/amaust,https://avatars.githubusercontent.com/u/144873395?v=4,257,144873395,amaust,False,User,2026-01-26T20:07:30.664495,7,3
https://github.com/AlexStrNik,https://avatars.githubusercontent.com/u/15856982?v=4,258,15856982,AlexStrNik,False,User,2026-01-26T20:07:30.664495,7,3
https://github.com/aldonetti,https://avatars.githubusercontent.com/u/2181885?v=4,259,2181885,aldonetti,False,User,2026-01-26T20:07:30.664495,7,3
https://github.com/schen7913,https://avatars.githubusercontent.com/u/19849774?v=4,260,19849774,schen7913,False,User,2026-01-26T20:07:30.664495,7,3
https://github.com/alanrenmsft,https://avatars.githubusercontent.com/u/13777222?v=4,261,13777222,alanrenmsft,False,User,2026-01-26T20:07:30.664495,7,3
https://github.com/Huachao,https://avatars.githubusercontent.com/u/2796177?v=4,262,2796177,Huachao,False,User,2026-01-26T20:07:30.664495,7,3
https://github.com/jasonwilliams,https://avatars.githubusercontent.com/u/936006?v=4,263,936006,jasonwilliams,False,User,2026-01-26T20:07:30.664495,7,3
https://github.com/laurentlb,https://avatars.githubusercontent.com/u/485572?v=4,264,485572,laurentlb,False,User,2026-01-26T20:07:30.664495,7,3
https://github.com/melvin0008,https://avatars.githubusercontent.com/u/5201724?v=4,265,5201724,melvin0008,False,User,2026-01-26T20:07:30.664495,7,3
https://github.com/noahjg,https://avatars.githubusercontent.com/u/12722999?v=4,266,12722999,noahjg,False,User,2026-01-26T20:07:30.664495,7,3
https://github.com/spahnke,https://avatars.githubusercontent.com/u/25029871?v=4,267,25029871,spahnke,False,User,2026-01-26T20:07:30.664495,7,3
https://github.com/richard-townsend-arm,https://avatars.githubusercontent.com/u/29576774?v=4,268,29576774,richard-townsend-arm,False,User,2026-01-26T20:07:30.664495,7,3
https://github.com/ryanclarke,https://avatars.githubusercontent.com/u/2686469?v=4,269,2686469,ryanclarke,False,User,2026-01-26T20:07:30.664495,7,3
https://github.com/anirudhrb,https://avatars.githubusercontent.com/u/7846653?v=4,270,7846653,anirudhrb,False,User,2026-01-26T20:07:30.664495,6,3
https://github.com/mlewand,https://avatars.githubusercontent.com/u/5353898?v=4,271,5353898,mlewand,False,User,2026-01-26T20:07:30.664495,6,3
https://github.com/MarkZuber,https://avatars.githubusercontent.com/u/7103178?v=4,272,7103178,MarkZuber,False,User,2026-01-26T20:07:30.664495,6,3
https://github.com/matt-april,https://avatars.githubusercontent.com/u/8204123?v=4,273,8204123,matt-april,False,User,2026-01-26T20:07:30.664495,6,3
https://github.com/murataslan1,https://avatars.githubusercontent.com/u/78961478?v=4,274,78961478,murataslan1,False,User,2026-01-26T20:07:30.664495,6,3
https://github.com/nclonts-sf,https://avatars.githubusercontent.com/u/42357463?v=4,275,42357463,nclonts-sf,False,User,2026-01-26T20:07:30.664495,6,3
https://github.com/mihailik,https://avatars.githubusercontent.com/u/4041967?v=4,276,4041967,mihailik,False,User,2026-01-26T20:07:30.664495,6,3
https://github.com/orgads,https://avatars.githubusercontent.com/u/1246544?v=4,277,1246544,orgads,False,User,2026-01-26T20:07:30.664495,6,3
https://github.com/r-sargento,https://avatars.githubusercontent.com/u/25253620?v=4,278,25253620,r-sargento,False,User,2026-01-26T20:07:30.664495,6,3
https://github.com/rbuckton,https://avatars.githubusercontent.com/u/3902892?v=4,279,3902892,rbuckton,False,User,2026-01-26T20:07:30.664495,6,3
https://github.com/ambujsahu81,https://avatars.githubusercontent.com/u/118078892?v=4,280,118078892,ambujsahu81,False,User,2026-01-26T20:07:30.664495,6,3
https://github.com/reaktivo,https://avatars.githubusercontent.com/u/13637?v=4,281,13637,reaktivo,False,User,2026-01-26T20:07:30.664495,6,3
https://github.com/jsjoeio,https://avatars.githubusercontent.com/u/3806031?v=4,282,3806031,jsjoeio,False,User,2026-01-26T20:07:30.664495,6,3
https://github.com/jpiskiewicz,https://avatars.githubusercontent.com/u/58250697?v=4,283,58250697,jpiskiewicz,False,User,2026-01-26T20:07:30.664495,6,3
https://github.com/samhanic,https://avatars.githubusercontent.com/u/55490861?v=4,284,55490861,samhanic,False,User,2026-01-26T20:07:30.664495,6,3
https://github.com/WardenGnaw,https://avatars.githubusercontent.com/u/3953714?v=4,285,3953714,WardenGnaw,True,User,2026-01-26T20:07:30.664495,6,3
https://github.com/adaex,https://avatars.githubusercontent.com/u/29560987?v=4,286,29560987,adaex,False,User,2026-01-26T20:07:30.664495,6,3
https://github.com/bwateratmsft,https://avatars.githubusercontent.com/u/36966225?v=4,287,36966225,bwateratmsft,False,User,2026-01-26T20:07:30.664495,6,3
https://github.com/connorshea,https://avatars.githubusercontent.com/u/2977353?v=4,288,2977353,connorshea,False,User,2026-01-26T20:07:30.664495,6,3
https://github.com/dan-petty,https://avatars.githubusercontent.com/u/7726889?v=4,289,7726889,dan-petty,False,User,2026-01-26T20:07:30.664495,6,3
https://github.com/DavidMunozMartinez,https://avatars.githubusercontent.com/u/25015773?v=4,290,25015773,DavidMunozMartinez,False,User,2026-01-26T20:07:30.664495,6,3
https://github.com/djweber,https://avatars.githubusercontent.com/u/1501176?v=4,291,1501176,djweber,False,User,2026-01-26T20:07:30.664495,6,3
https://github.com/haneefdm,https://avatars.githubusercontent.com/u/41269583?v=4,292,41269583,haneefdm,False,User,2026-01-26T20:07:30.664495,6,3
https://github.com/weartist,https://avatars.githubusercontent.com/u/204211979?v=4,293,204211979,weartist,False,User,2026-01-26T20:07:30.664495,6,3
https://github.com/ihalip,https://avatars.githubusercontent.com/u/1991437?v=4,294,1991437,ihalip,False,User,2026-01-26T20:07:30.664495,6,3
https://github.com/ivorlags,https://avatars.githubusercontent.com/u/15807050?v=4,295,15807050,ivorlags,False,User,2026-01-26T20:07:30.664495,6,3
https://github.com/w9jds,https://avatars.githubusercontent.com/u/164540?v=4,296,164540,w9jds,False,User,2026-01-26T20:07:30.664495,6,3
https://github.com/jchadwick,https://avatars.githubusercontent.com/u/255015?v=4,297,255015,jchadwick,False,User,2026-01-26T20:07:30.664495,6,3
https://github.com/joelday,https://avatars.githubusercontent.com/u/228880?v=4,298,228880,joelday,False,User,2026-01-26T20:07:30.664495,6,3
https://github.com/joelverhagen,https://avatars.githubusercontent.com/u/94054?v=4,299,94054,joelverhagen,False,User,2026-01-26T20:07:30.664495,6,3
https://github.com/kkbrooks,https://avatars.githubusercontent.com/u/47866467?v=4,300,47866467,kkbrooks,False,User,2026-01-26T20:07:30.664495,6,3
