URL,关闭时间,创建时间,创建者,序号,更新时间,标签,标签数,标题,正文长度,正文预览,状态,类型,编号,获取时间,评论数,页码
https://github.com/microsoft/vscode/issues/290373,,2026-01-26T12:04:27Z,felipesantos2,1,2026-01-26T12:07:26Z,,0,"I removed the command center, but it is returning. (vscode insiders)",3556,"
Type: <b>Bug</b>

--

I removed the command center, but it is returning.
I disabled them a few time...",open,Issue,290373,2026-01-26T20:07:41.045897,0,1
https://github.com/microsoft/vscode/issues/290370,,2026-01-26T11:53:29Z,AdamWr,2,2026-01-26T12:01:48Z,,0,Text editor - suggestions do not work in Insiders,2113,"<!-- ⚠️⚠️ Do Not Delete This! bug_report_template ⚠️⚠️ -->
<!-- Please read our Rules of Conduct: ht...",open,Issue,290370,2026-01-26T20:07:41.045897,0,1
https://github.com/microsoft/vscode/issues/290367,,2026-01-26T11:28:13Z,HusterRC,3,2026-01-26T11:29:37Z,"info-needed, triage-needed, ai-translated",3,无法加载GitHub Copilot chat,2370,"
Type: <b>Bug</b>

出现3个未捕获的错误

Extension version: 0.36.2
VS Code version: Code 1.108.1 (Universal) (...",open,Issue,290367,2026-01-26T20:07:41.045897,3,1
https://github.com/microsoft/vscode/issues/290363,,2026-01-26T11:12:05Z,jrieken,4,2026-01-26T11:12:42Z,,0,Using a prompt changes selected tools for too long,1126,"* have a prompt like as below (it defines tools)
* have a normal agent session
* use the `review` co...",open,Issue,290363,2026-01-26T20:07:41.045897,0,1
https://github.com/microsoft/vscode/issues/290357,,2026-01-26T10:38:41Z,jrieken,5,2026-01-26T10:54:30Z,,0,"Drop down says ""Implement"" instead of Agent",243,"* start in plan mode
* select Implement
* :bug: the mode dropdown shows Implement, not Agent (as in ...",open,Issue,290357,2026-01-26T20:07:41.045897,0,1
https://github.com/microsoft/vscode/issues/290356,,2026-01-26T10:38:12Z,witbrock,6,2026-01-26T10:39:55Z,,0,Hard tool limit (128) blocks agent mode when multiple MCP servers are enabled — agent should manage its own tool context,2030,"- Copilot Chat Extension Version: 0.37.2026012601
- VS Code Version: 1.109.0-insider (abb70fbc79435e...",open,Issue,290356,2026-01-26T20:07:41.045897,1,1
https://github.com/microsoft/vscode/issues/290355,,2026-01-26T10:36:05Z,MShayOffice,7,2026-01-26T10:37:23Z,new release,1,"Containers Context Menu - ""Ask Copilot"" option when AI features are disabled",2547,"
Type: <b>Bug</b>

VSC 1.108.2 running on Windows 10.
""Disable AI Features"" option is checked. No ch...",open,Issue,290355,2026-01-26T20:07:41.045897,1,1
https://github.com/microsoft/vscode/issues/290354,,2026-01-26T10:27:30Z,senhalil,8,2026-01-26T11:11:55Z,,0,Git - single line diff in the inline git blame box,976,"<!-- ⚠️⚠️ Do Not Delete This! feature_request_template ⚠️⚠️ -->
<!-- Please read our Rules of Conduc...",open,Issue,290354,2026-01-26T20:07:41.045897,0,1
https://github.com/microsoft/vscode/issues/290352,,2026-01-26T10:19:40Z,ntrogh,9,2026-01-26T11:20:55Z,"bug, confirmed, chat-agents-view",3,Filter agent sessions resets when selecting additional session state filter,2954,"
Type: <b>Bug</b>

1. Open Chat view
1. Update the list of session filters (e.g. uncheck Completed)
...",open,Issue,290352,2026-01-26T20:07:41.045897,1,1
https://github.com/microsoft/vscode/issues/290351,,2026-01-26T10:16:23Z,kenzoviski,10,2026-01-26T11:11:58Z,new release,1,Test Explorer not picking tests from C# project,1586,"<!-- ⚠️⚠️ Do Not Delete This! bug_report_template ⚠️⚠️ -->
<!-- Please read our Rules of Conduct: ht...",open,Issue,290351,2026-01-26T20:07:41.045897,0,1
https://github.com/microsoft/vscode/issues/290350,,2026-01-26T10:04:35Z,chsch95,11,2026-01-26T11:19:41Z,new release,1,Chat not possible with GitHub Copilot,2550,"
Type: <b>Bug</b>

""Chat took too long to get ready. Please ensure you are signed in to GitHub and t...",open,Issue,290350,2026-01-26T20:07:41.045897,1,1
https://github.com/microsoft/vscode/issues/290347,,2026-01-26T09:48:12Z,the-rajabraza,12,2026-01-26T09:49:51Z,"info-needed, triage-needed, new release",3,Summarizing conversation history...,1989,"
Type: <b>Bug</b>

keep going for summary

Extension version: 0.36.1
VS Code version: Code 1.108.2 (...",open,Issue,290347,2026-01-26T20:07:41.045897,1,1
https://github.com/microsoft/vscode/issues/290346,,2026-01-26T09:35:37Z,jrieken,13,2026-01-26T11:02:28Z,info-needed,1,Unread state seems flaky and random,270,"Restarted insiders to this unread state. I am very certain I had all sessions read/worked on, esp lo...",open,Issue,290346,2026-01-26T20:07:41.045897,1,1
https://github.com/microsoft/vscode/issues/290343,,2026-01-26T09:10:19Z,Ebola-Chan-bot,14,2026-01-26T09:14:25Z,,0,Cannot Add MCP Server: model not supported,6763,"
Type: <b>Bug</b>

MCP: Add Server\NPM package\@fangjunjie/ssh-mcp-server
In output of GitHub Copilo...",open,Issue,290343,2026-01-26T20:07:41.045897,1,1
https://github.com/microsoft/vscode/issues/290342,,2026-01-26T09:04:11Z,CoolRainLy,15,2026-01-26T09:11:23Z,"feature-request, chat-agent-editing",2,"Support atomic undo for ""Accept All"" Copilot changes (like Cursor IDE)",1179,"<!-- ⚠️⚠️ Do Not Delete This! feature_request_template ⚠️⚠️ -->
<!-- Please read our Rules of Conduc...",open,Issue,290342,2026-01-26T20:07:41.045897,2,1
https://github.com/microsoft/vscode/issues/290340,,2026-01-26T08:48:42Z,wzh5550123,16,2026-01-26T08:50:16Z,new release,1,Checking conversation history all the time,2098,"
Type: <b>Bug</b>

Summarizing historical dialogues without even changing the context, summarizing a...",open,Issue,290340,2026-01-26T20:07:41.045897,0,1
https://github.com/microsoft/vscode/issues/290337,,2026-01-26T08:25:08Z,Onedaytalk,17,2026-01-26T09:18:39Z,new release,1,My terminal is broken...,2240,"
Type: <b>Bug</b>

My terminal is not displaying properly. First, it doesn't show the path when I en...",open,Issue,290337,2026-01-26T20:07:41.045897,0,1
https://github.com/microsoft/vscode/issues/290335,,2026-01-26T07:52:16Z,jacopoCorvina,18,2026-01-26T08:16:20Z,triage-needed,1,Run Debug Watch: Fail!,797,"
Type: <b>Bug</b>

code: 'EADDRINUSE',
errno: -98,
syscall: 'listen',
address: '::',
port: ....

Sea...",open,Issue,290335,2026-01-26T20:07:41.045897,1,1
https://github.com/microsoft/vscode/issues/290334,,2026-01-26T07:38:40Z,yubaoquan,19,2026-01-26T08:16:25Z,new release,1,Default terminal suddenly change to powershell,2940,"
Type: <b>Bug</b>

My default terminal was always git-bash, bug today, it changed to power shell. An...",open,Issue,290334,2026-01-26T20:07:41.045897,1,1
https://github.com/microsoft/vscode/issues/290333,,2026-01-26T07:26:15Z,adithyan-r-1244,20,2026-01-26T07:27:32Z,"info-needed, triage-needed, new release",3,with local model replace_string_in_file tool failed,272,"
Type: <b>Bug</b>

Modle used ministral-3:8b with ollama

Extension version: 0.36.2
VS Code version:...",open,Issue,290333,2026-01-26T20:07:41.045897,1,1
https://github.com/microsoft/vscode/issues/290332,,2026-01-26T07:26:13Z,adithyan-r-1244,21,2026-01-26T07:27:32Z,"info-needed, triage-needed, new release",3,with local model replace_string_in_file tool failed,272,"
Type: <b>Bug</b>

Modle used ministral-3:8b with ollama

Extension version: 0.36.2
VS Code version:...",open,Issue,290332,2026-01-26T20:07:41.045897,1,1
https://github.com/microsoft/vscode/issues/290331,,2026-01-26T07:26:13Z,adithyan-r-1244,22,2026-01-26T07:27:34Z,"info-needed, triage-needed, new release",3,with local model replace_string_in_file tool failed,272,"
Type: <b>Bug</b>

Modle used ministral-3:8b with ollama

Extension version: 0.36.2
VS Code version:...",open,Issue,290331,2026-01-26T20:07:41.045897,1,1
https://github.com/microsoft/vscode/issues/290328,,2026-01-26T06:31:29Z,bpasero,23,2026-01-26T06:31:48Z,freeze-slow-crash-leak,1,Bad use of `ResourcePool`?,727,"There are instances of `ResourcePool` where from the factory method, disposables are registered to t...",open,Issue,290328,2026-01-26T20:07:41.045897,0,1
https://github.com/microsoft/vscode/issues/290327,,2026-01-26T06:28:12Z,bpasero,24,2026-01-26T06:28:12Z,,0,Lifecycle of `ChatEditingModifiedDocumentEntry` and `ChatEditingModifiedNotebookEntry`,307,"Found an error telemetry report about many undisposed of these:

https://github.com/microsoft/vscode...",open,Issue,290327,2026-01-26T20:07:41.045897,0,1
https://github.com/microsoft/vscode/issues/290326,,2026-01-26T06:22:30Z,bpasero,25,2026-01-26T06:43:19Z,"bug, error-telemetry",2,[Unhandled Error] Cannot read properties of undefined (reading 'toString'),2412,"Issue created from VS Code Errors Analysis Dashboard

## Error Bucket
`75ca6d07-96c8-0184-3025-06909...",open,Issue,290326,2026-01-26T20:07:41.045897,1,1
https://github.com/microsoft/vscode/issues/290325,,2026-01-26T06:21:55Z,TylerLeonhardt,26,2026-01-26T06:22:50Z,,0,`McpServerDefinition`'s coming from the workspace should resolve magic variables like `$(workspaceFolder}`,1784,"<!-- ⚠️⚠️ Do Not Delete This! bug_report_template ⚠️⚠️ -->
<!-- Please read our Rules of Conduct: ht...",open,Issue,290325,2026-01-26T20:07:41.045897,1,1
https://github.com/microsoft/vscode/issues/290324,,2026-01-26T06:19:59Z,bpasero,27,2026-01-26T06:43:08Z,"bug, error-telemetry",2,[Unhandled Error] Cannot read properties of null (reading 'getLineContent'),2521,"Issue created from VS Code Errors Analysis Dashboard

## Error Bucket
`11892835-dd4a-f1d9-8ba1-9b76c...",open,Issue,290324,2026-01-26T20:07:41.045897,1,1
https://github.com/microsoft/vscode/issues/290323,,2026-01-26T06:19:04Z,bpasero,28,2026-01-26T06:42:54Z,"bug, error-telemetry",2,[Unhandled Error] Uncaught TypeError: Cannot read properties of undefined (reading 'substring'),1985,"Issue created from VS Code Errors Analysis Dashboard

## Error Bucket
`b9611c44-28d9-0ca9-14b1-990bf...",open,Issue,290323,2026-01-26T20:07:41.045897,1,1
https://github.com/microsoft/vscode/issues/290321,,2026-01-26T05:56:04Z,kouiso,29,2026-01-26T09:37:40Z,"info-needed, triage-needed, ai-translated",3,複数のworkspace開いたwindowでcopilotに指示をかけると全く指示を効かなくなる。,3195,"
Type: <b>Bug</b>

複数リポジトリをworkspace開いたwindowでcopilotに指示をかけると全く指示が効かなくなる。

Extension version: 0.36.2...",open,Issue,290321,2026-01-26T20:07:41.045897,4,1
https://github.com/microsoft/vscode/issues/290319,,2026-01-26T05:45:24Z,rwoll,30,2026-01-26T05:47:23Z,,0,askQuestion tool enabled in YOLO mode,131,"askQuestion tool is being triggered in YOLO mode in insiders. In YOLO mode, I would not expect to ne...",open,Issue,290319,2026-01-26T20:07:41.045897,1,1
https://github.com/microsoft/vscode/issues/290317,,2026-01-26T05:11:18Z,digitarald,31,2026-01-26T05:12:26Z,,0,toolSearchTool.enabled breaks askQuestions in Plan agent,1680,"
Type: <b>Bug</b>

Updated Plan agent mentions askQuestions across its prompt, but with `toolSearchT...",open,Issue,290317,2026-01-26T20:07:41.045897,1,1
https://github.com/microsoft/vscode/issues/290316,,2026-01-26T04:54:24Z,alokssckumar,32,2026-01-26T04:55:41Z,"info-needed, triage-needed",2,test,3223,"
Type: <b>Bug</b>

•	Create a function called fahrToCelsius in functions.py
•	The function should ha...",open,Issue,290316,2026-01-26T20:07:41.045897,2,1
https://github.com/microsoft/vscode/issues/290315,,2026-01-26T03:43:04Z,srsherra,33,2026-01-26T03:46:59Z,"triage-needed, new release",2,Undo is not working,1945,"
Type: <b>Bug</b>

Undo is not working

Extension version: 0.36.2
VS Code version: Code 1.108.2 (c9d...",open,Issue,290315,2026-01-26T20:07:41.045897,0,1
https://github.com/microsoft/vscode/issues/290314,,2026-01-26T03:37:17Z,MeditatorLiu,34,2026-01-26T11:30:52Z,"triage-needed, new release",2,Access token missing for Azure openai,2159,"
Type: <b>Bug</b>

I can use custom models with endpoint and access token on earlier versions, but t...",open,Issue,290314,2026-01-26T20:07:41.045897,2,1
https://github.com/microsoft/vscode/issues/290311,,2026-01-26T03:08:32Z,yvesJotres,35,2026-01-26T03:47:01Z,new release,1,Loss of files,1994,"
Type: <b>Bug</b>

Mistakenly Deleting all Safetensors file, when i ask to reorganized files

Extens...",open,Issue,290311,2026-01-26T20:07:41.045897,0,1
https://github.com/microsoft/vscode/issues/290307,,2026-01-26T01:55:12Z,jamesmontemagno,36,2026-01-26T02:59:38Z,triage-needed,1,Mark all sessions as read,139,"I love the new UI and updates in Insiders, but add a ""Mark all as read"" as i have a bunch of cli stu...",open,Issue,290307,2026-01-26T20:07:41.045897,0,1
https://github.com/microsoft/vscode/issues/290304,,2026-01-26T00:37:20Z,RoyceEColeman,37,2026-01-26T09:09:58Z,,0,Copilot-edited files get out of sync with code editor,8308,"
Type: <b>Bug</b>

In a dev container, run a lengthy Copilot agent mode task that requires creating ...",open,Issue,290304,2026-01-26T20:07:41.045897,1,1
https://github.com/microsoft/vscode/issues/290301,,2026-01-25T23:45:37Z,VillainsRule,38,2026-01-26T00:43:00Z,,0,Created date is the same as lastmod date when editing a file,539,"Does this issue occur when all extensions are disabled?: Yes

Steps to Reproduce:

1. edit a file in...",open,Issue,290301,2026-01-26T20:07:41.045897,0,1
https://github.com/microsoft/vscode/issues/290300,,2026-01-25T23:42:09Z,Cruiz0605,39,2026-01-26T00:43:02Z,triage-needed,1,code space not loading,372,Code space won't load it keeps saying it's currently in recovery mode. I have tried different comput...,open,Issue,290300,2026-01-26T20:07:41.045897,0,1
https://github.com/microsoft/vscode/issues/290297,,2026-01-25T22:33:39Z,mpoulton49,40,2026-01-25T22:35:06Z,"info-needed, triage-needed, new release",3,initialises an MCP then doesnt action the request,360,"
Type: <b>Bug</b>

vercel/next-dev-tools MCP installed
ask agent for ui related updates.
agent init'...",open,Issue,290297,2026-01-26T20:07:41.045897,1,1
https://github.com/microsoft/vscode/issues/290296,,2026-01-25T22:24:35Z,rwoll,41,2026-01-25T22:25:38Z,bug,1,tool selection quickpick dissapears on scroll,625,"<!-- Please search existing issues to avoid creating duplicates -->
<!-- Please attach logs to help ...",open,Issue,290296,2026-01-26T20:07:41.045897,1,1
https://github.com/microsoft/vscode/issues/290295,,2026-01-25T22:11:50Z,nahiaahmad,42,2026-01-25T22:13:27Z,"info-needed, triage-needed",2,COPILOT Caude Opus 4.5,2395,"
Type: <b>Bug</b>

this copilot is a waste og energy money and time, put you in a loop for day and d...",open,Issue,290295,2026-01-26T20:07:41.045897,2,1
https://github.com/microsoft/vscode/issues/290293,,2026-01-25T21:32:30Z,chrmarti,43,2026-01-25T21:34:41Z,,0,Chat: Don't jump on first change,9326,"
Type: <b>Bug</b>

When I continue browsing or reviewing the code, the jumping to the first change w...",open,Issue,290293,2026-01-26T20:07:41.045897,1,1
https://github.com/microsoft/vscode/issues/290290,,2026-01-25T20:11:45Z,digitarald,44,2026-01-25T20:11:46Z,"feature-request, chat-prompts",2,Agent Skill: Allow users to enable/disable specific skills,400,"Useful to quickly install more skills and explore them, but disabling them when they get in the way....",open,Issue,290290,2026-01-26T20:07:41.045897,0,1
https://github.com/microsoft/vscode/issues/290283,,2026-01-25T19:19:31Z,indrayoku3-debug,45,2026-01-25T19:20:49Z,"info-needed, triage-needed, ai-translated",3,pelit,2035,"
Type: <b>Bug</b>

pelit banget jadi copilot

Extension version: 0.36.2
VS Code version: Code 1.108....",open,Issue,290283,2026-01-26T20:07:41.045897,3,1
https://github.com/microsoft/vscode/issues/290274,,2026-01-25T17:51:24Z,roblourens,46,2026-01-25T18:03:45Z,,0,Just scrolling around creates a lot of TextModels,6536,"- Have a stopped chat session with some edits
- Scroll around
- As codeblock edit pills are rendered...",open,Issue,290274,2026-01-26T20:07:41.045897,0,1
https://github.com/microsoft/vscode/issues/290272,,2026-01-25T17:17:36Z,theReynald,47,2026-01-25T18:26:06Z,,0,Skill changes in skill.md don’t apply until VS Code restart or new chat session,7946,"
Type: <b>Bug</b>

Description

After editing and saving skill.md, running the skill again in the sa...",open,Issue,290272,2026-01-26T20:07:41.045897,5,1
https://github.com/microsoft/vscode/issues/290271,,2026-01-25T16:24:42Z,M-FAHEEM-2023,48,2026-01-26T07:47:42Z,"info-needed, triage-needed, new release",3,copilot hhave not propore work it,2077,"
Type: <b>Bug</b>

beccous i am student to develop the tool the github have not wprking it

Extensio...",open,Issue,290271,2026-01-26T20:07:41.045897,2,1
https://github.com/microsoft/vscode/issues/290270,,2026-01-25T16:24:41Z,codingU4EA,49,2026-01-26T11:00:33Z,"feature-request, terminal, layout",3,Add 2 more buttons to improve the toggle of Panel Sizes,1569,"<!-- ⚠️⚠️ Do Not Delete This! feature_request_template ⚠️⚠️ -->
<!-- Please read our Rules of Conduc...",open,Issue,290270,2026-01-26T20:07:41.045897,2,1
https://github.com/microsoft/vscode/issues/290269,,2026-01-25T16:11:18Z,theReynald,50,2026-01-26T10:43:08Z,new release,1,"Unify Skills plus other Copilot customization file formats into a single “metafile” (i.e. prompts, instructions, agents, skills)",3290,"<!-- ⚠️⚠️ Do Not Delete This! feature_request_template ⚠️⚠️ -->
<!-- Please read our Rules of Conduc...",open,Issue,290269,2026-01-26T20:07:41.045897,1,1
https://github.com/microsoft/vscode/issues/290268,,2026-01-25T16:09:15Z,softbryanorg-star,51,2026-01-25T16:12:10Z,new release,1,i have an issue,2200,"
Type: <b>Bug</b>

i have installed copilot on my windows system and i am signed in to git hub yet c...",open,Issue,290268,2026-01-26T20:07:41.045897,0,1
https://github.com/microsoft/vscode/issues/290267,,2026-01-25T15:38:00Z,Rolanddoda,52,2026-01-25T16:34:59Z,new release,1,Popup for Google model,28341,"
Type: <b>Bug</b>

Honestly I don't know but the Popup for the Google model isn't opening. I probabl...",open,Issue,290267,2026-01-26T20:07:41.045897,3,1
https://github.com/microsoft/vscode/issues/290266,,2026-01-25T14:53:17Z,hediet,53,2026-01-25T21:59:23Z,feature-request,1,Need a way to inspect every tool call to understand how the LLM operates / what bugs the tools have,351,"The current log view is not sufficient.

This shouln't be for debugging, but for understanding the t...",open,Issue,290266,2026-01-26T20:07:41.045897,2,1
https://github.com/microsoft/vscode/issues/290264,,2026-01-25T14:33:41Z,pculligan,54,2026-01-25T14:35:10Z,new release,1,Cannot Use OpenAI from Copilot Chat,1622,"<!-- Please search existing issues to avoid creating duplicates -->
<!-- Please attach logs to help ...",open,Issue,290264,2026-01-26T20:07:41.045897,0,1
https://github.com/microsoft/vscode/issues/290263,,2026-01-25T14:32:40Z,gdfbsgs,55,2026-01-25T15:10:40Z,new release,1,doesnt start at all,2127,"
Type: <b>Bug</b>

Chat took too long to get ready. Please ensure you are signed in to GitHub and th...",open,Issue,290263,2026-01-26T20:07:41.045897,0,1
https://github.com/microsoft/vscode/issues/290256,,2026-01-25T14:29:49Z,wallimhammami10-ui,56,2026-01-25T14:31:16Z,"info-needed, triage-needed, new release",3,kdzbc,2560,"
Type: <b>Bug</b>

ne travaile pas slvp

Extension version: 1.388.0
VS Code version: Code 1.108.2 (c...",open,Issue,290256,2026-01-26T20:07:41.045897,1,1
https://github.com/microsoft/vscode/issues/290255,,2026-01-25T14:18:48Z,willianfco,57,2026-01-25T14:20:14Z,ai-translated,1,Nao processa request,2084,"
Type: <b>Bug</b>

Eu solicitei uma legenda para uma imagem e ele retornou erro 413, a imagem é rela...",open,Issue,290255,2026-01-26T20:07:41.045897,2,1
https://github.com/microsoft/vscode/issues/290254,,2026-01-25T13:29:13Z,Weijiang-Xiong,58,2026-01-25T14:35:29Z,,0,Separate copilot inline suggestions from chat,1079,"<!-- ⚠️⚠️ Do Not Delete This! feature_request_template ⚠️⚠️ -->
<!-- Please read our Rules of Conduc...",open,Issue,290254,2026-01-26T20:07:41.045897,1,1
https://github.com/microsoft/vscode/issues/290251,,2026-01-25T12:34:11Z,praneethpaavan,59,2026-01-25T12:35:36Z,"info-needed, triage-needed, new release",3,more recommendations,2862,"
Type: <b>Bug</b>

try to give simple recommendations


VS Code version: Code 1.108.2 (c9d77990917f3...",open,Issue,290251,2026-01-26T20:07:41.045897,1,1
https://github.com/microsoft/vscode/issues/290250,,2026-01-25T11:54:31Z,hediet,60,2026-01-26T05:43:22Z,bug,1,Allo edits to sensitive files doesn't remember choice,155,"<img width=""518"" height=""463"" alt=""Image"" src=""https://github.com/user-attachments/assets/ca01cbb9-3...",open,Issue,290250,2026-01-26T20:07:41.045897,0,1
https://github.com/microsoft/vscode/issues/290247,,2026-01-25T10:47:43Z,AshutoshDongaonkar,61,2026-01-26T10:04:06Z,"info-needed, new release",2,Instructions not followed,5424,"
Type: <b>Bug</b>

Here are the instructions - this analysis is absolutely false and carry no value....",open,Issue,290247,2026-01-26T20:07:41.045897,1,1
https://github.com/microsoft/vscode/issues/290246,,2026-01-25T10:20:34Z,letmaik,62,2026-01-25T10:21:31Z,,0,"UI broken for long ""Allow edits to sensitive files"" content",562,"<!-- Please search existing issues to avoid creating duplicates -->
<!-- Please attach logs to help ...",open,Issue,290246,2026-01-26T20:07:41.045897,0,1
https://github.com/microsoft/vscode/issues/290244,,2026-01-25T09:28:50Z,saimrudulaboddeda-a11y,63,2026-01-25T10:11:00Z,new release,1,terminal launch transport time exception,2588,"
Type: <b>Bug</b>

terminal launch transport time issue

VS Code version: Code 1.108.2 (c9d77990917f...",open,Issue,290244,2026-01-26T20:07:41.045897,0,1
https://github.com/microsoft/vscode/issues/290243,,2026-01-25T09:23:54Z,bpasero,64,2026-01-25T15:48:45Z,"bug, chat-claude-agent",2,Claude sessions: fill in more sessions property,457,https://github.com/microsoft/vscode-copilot-chat/blob/beb172e73ae347bf9a290396711fa3a85dda6064/src/e...,open,Issue,290243,2026-01-26T20:07:41.045897,0,1
https://github.com/microsoft/vscode/issues/290241,,2026-01-25T09:07:52Z,bpasero,65,2026-01-25T10:10:48Z,testplan-item,1,Test: agent sessions management window,907,"Refs: <!-- Refer to the issue that this test plan item is testing. -->

- [ ] anyOS
- [ ] anyOS

Com...",open,Issue,290241,2026-01-26T20:07:41.045897,0,1
https://github.com/microsoft/vscode/issues/290240,,2026-01-25T09:04:21Z,asmrtfm,66,2026-01-25T09:15:56Z,triage-needed,1,editor.find should be case-sensitive by default or allow configuring,548,"There is no such thing as a case-insensitive programming language.
It is extremely annoying (and dan...",open,Issue,290240,2026-01-26T20:07:41.045897,1,1
https://github.com/microsoft/vscode/issues/290239,,2026-01-25T09:03:15Z,bpasero,67,2026-01-25T09:04:28Z,testplan-item,1,Test: active/history chat session view,771,"Refs: <!-- Refer to the issue that this test plan item is testing. -->

- [ ] anyOS
- [ ] anyOS

Com...",open,Issue,290239,2026-01-26T20:07:41.045897,0,1
https://github.com/microsoft/vscode/issues/290235,,2026-01-25T08:06:37Z,z85t95rcrs-art,68,2026-01-25T08:07:57Z,"info-needed, triage-needed, new release",3,Error response after severall retries,2042,"
Type: <b>Bug</b>

This was my request: ""chci z poslednich 15 minutovych svicek sbirat rozdilove hod...",open,Issue,290235,2026-01-26T20:07:41.045897,1,1
https://github.com/microsoft/vscode/issues/290234,,2026-01-25T07:41:41Z,bpasero,69,2026-01-25T07:41:41Z,important,1,Chat: Retry Connection is a no-op,1246,"Steps to Reproduce:

1. have a VS Code window with an expired GH token
2. try to chat
3. eventually ...",open,Issue,290234,2026-01-26T20:07:41.045897,0,1
https://github.com/microsoft/vscode/issues/290229,,2026-01-25T07:04:18Z,bhavyaus,70,2026-01-25T07:05:34Z,,0,Update token counting calculation for telemetry to reuse context window widget token details,204,"
The context window widget already computes detailed token breakdowns. The telemetry system should b...",open,Issue,290229,2026-01-26T20:07:41.045897,0,1
https://github.com/microsoft/vscode/issues/290228,,2026-01-25T07:04:03Z,Scatterblak,71,2026-01-26T08:31:34Z,,0,"replace_string_in_file now opens a dialog in the chat pane, and it's awful.",2137,"** Please search existing issues to avoid creating duplicates ** 
--I did, this is fairly specific, ...",open,Issue,290228,2026-01-26T20:07:41.045897,1,1
https://github.com/microsoft/vscode/issues/290227,,2026-01-25T06:59:38Z,Greeny187,72,2026-01-25T07:01:11Z,"info-needed, triage-needed, new release",3,not for 10 in a month,2054,"
Type: <b>Bug</b>

first try, first issue

Extension version: 0.36.2
VS Code version: Code 1.108.2 (...",open,Issue,290227,2026-01-26T20:07:41.045897,1,1
https://github.com/microsoft/vscode/issues/290225,,2026-01-25T06:50:31Z,lizelive,73,2026-01-25T06:51:42Z,new release,1,Failed to validate tool mcp_hf-mcp-server_gr1_flux_2_klein_9b_infer: Error: tool parameters array type must have items. Please open a Github issue for the MCP server or extension which provides this tool,1440,"
Type: <b>Bug</b>

		""hf-mcp-server"": {
			""command"": ""npx"",
			""args"": [
				""mcp-remote"",
				""htt...",open,Issue,290225,2026-01-26T20:07:41.045897,0,1
https://github.com/microsoft/vscode/issues/290224,,2026-01-25T06:22:28Z,easygoingcfy,74,2026-01-25T06:23:51Z,"info-needed, triage-needed, ai-translated",3,error report,2383,"
Type: <b>Bug</b>

正在收集工作区信息正在筛选到最相关的信息

Extension version: 0.36.2
VS Code version: Code - Insiders ...",open,Issue,290224,2026-01-26T20:07:41.045897,2,1
https://github.com/microsoft/vscode/issues/290223,,2026-01-25T06:22:01Z,rwoll,75,2026-01-25T06:23:32Z,bug,1,"Worktree Creation ""Cancel"" does not actually cancel sometimes",1144,"<!-- Please search existing issues to avoid creating duplicates -->
<!-- Please attach logs to help ...",open,Issue,290223,2026-01-26T20:07:41.045897,2,1
https://github.com/microsoft/vscode/issues/290219,,2026-01-25T05:18:53Z,roblourens,76,2026-01-25T05:20:09Z,,0,potential listener LEAK detected: new XtermTerminal,1326,"These are often noise in chat due to rendering content that is offscreen, caching view parts on the ...",open,Issue,290219,2026-01-26T20:07:41.045897,1,1
https://github.com/microsoft/vscode/issues/290218,,2026-01-25T05:17:30Z,roblourens,77,2026-01-25T05:17:30Z,,0,Leaked disposable,998,"Scrolling around in a chat session that is running some terminal commands, seeing lots of these, thi...",open,Issue,290218,2026-01-26T20:07:41.045897,0,1
https://github.com/microsoft/vscode/issues/290217,,2026-01-25T05:16:25Z,wmthor,78,2026-01-26T10:28:40Z,,0,Github Copilot Restore Checkpoint does not go back to Plan Mode,687,"System Information: 
- Copilot Chat Extension Version: 0.37.2026012202
- VS Code Version: 1.109.0-in...",open,Issue,290217,2026-01-26T20:07:41.045897,0,1
https://github.com/microsoft/vscode/issues/290209,,2026-01-25T04:30:39Z,coolesrat,79,2026-01-25T04:32:02Z,"info-needed, triage-needed",2,YOUR PROGRAM IS A WASTE OF TIME - ID LIKE MY MONEY BACK ,2065,"
Type: <b>Bug</b>

DIDNT ASK FOR THIS !!! AND IT DELETED EVERYTHING I WORKED ON 

Extension version:...",open,Issue,290209,2026-01-26T20:07:41.045897,2,1
https://github.com/microsoft/vscode/issues/290208,,2026-01-25T04:26:50Z,coolesrat,80,2026-01-25T04:28:12Z,"info-needed, triage-needed",2,DELETED ALL MY FILES RANDOMLY !!!,2040,"
Type: <b>Bug</b>

YOUR PROGRAM MAKES SO MANY MISTAKES 

Extension version: 0.36.2
VS Code version: ...",open,Issue,290208,2026-01-26T20:07:41.045897,2,1
https://github.com/microsoft/vscode/issues/290205,,2026-01-25T03:40:24Z,Wikid82,81,2026-01-25T04:09:13Z,,0,Agent reports that the subagents are sandboxed and not loading their tools correctly.,3824,"<!-- ⚠️⚠️ Do Not Delete This! bug_report_template ⚠️⚠️ -->
<!-- Please read our Rules of Conduct: ht...",open,Issue,290205,2026-01-26T20:07:41.045897,1,1
https://github.com/microsoft/vscode/issues/290202,,2026-01-25T03:08:38Z,KeithIsSleeping,82,2026-01-25T03:09:31Z,,0,chat.instructionsFilesLocations: Relative paths outside workspace are detected but not readable,1341,# Bug: Instructions configured with relative paths in `chat.instructionsFilesLocations` are visible ...,open,Issue,290202,2026-01-26T20:07:41.045897,0,1
https://github.com/microsoft/vscode/issues/290201,,2026-01-25T02:54:11Z,alunamun,83,2026-01-25T02:55:42Z,,0,Copy data from copilot chat,586,"
Type: <b>Feature Request</b>

I asked copilot to do a report on a custom file format that describes...",open,Issue,290201,2026-01-26T20:07:41.045897,1,1
https://github.com/microsoft/vscode/issues/290200,,2026-01-25T02:31:20Z,eddicorr,84,2026-01-25T02:32:44Z,"info-needed, triage-needed, new release",3,not working,1965,"
Type: <b>Bug</b>

no responde was returned

Extension version: 0.36.2
VS Code version: Code 1.108.2...",open,Issue,290200,2026-01-26T20:07:41.045897,1,1
https://github.com/microsoft/vscode/issues/290199,,2026-01-25T02:22:11Z,ferbadry,85,2026-01-25T02:23:30Z,"info-needed, triage-needed",2,crazy bot,2741,"
Type: <b>Bug</b>

“Deleting files as a reaction to feedback reflects unprofessional behavior and re...",open,Issue,290199,2026-01-26T20:07:41.045897,1,1
https://github.com/microsoft/vscode/issues/290197,,2026-01-25T02:15:37Z,ferbadry,86,2026-01-25T02:16:59Z,"info-needed, triage-needed",2,Such behavior will discourage users from engaging with your platform as a whole,3375,"
Type: <b>Bug</b>

GPT-5 mini Additionally, when this model is informed that it has made a specific ...",open,Issue,290197,2026-01-26T20:07:41.045897,1,1
https://github.com/microsoft/vscode/issues/290193,,2026-01-25T00:15:16Z,opxirfan-netizen,87,2026-01-25T06:08:14Z,"info-needed, triage-needed, new release",3,i am not need the suggesions,2011,"
Type: <b>Bug</b>

i am a begniner level to write code my handa please did ni=ot suggest anythis thi...",open,Issue,290193,2026-01-26T20:07:41.045897,2,1
https://github.com/microsoft/vscode/issues/290190,,2026-01-24T23:31:36Z,roblourens,88,2026-01-24T23:31:36Z,,0,ChatModel doesn't get the correct title for cloud sessions,540,"In the agent sessions list
<img width=""598"" height=""71"" alt=""Image"" src=""https://github.com/user-att...",open,Issue,290190,2026-01-26T20:07:41.045897,0,1
https://github.com/microsoft/vscode/issues/290187,,2026-01-24T22:50:09Z,primo4e,89,2026-01-24T22:51:21Z,new release,1,Agent stuck,2206,"
Type: <b>Bug</b>

The agent just keeps asking the same thing nmo matter my prompt and this last tim...",open,Issue,290187,2026-01-26T20:07:41.045897,0,1
https://github.com/microsoft/vscode/issues/290185,,2026-01-24T22:28:19Z,edenkiefer,90,2026-01-24T22:29:42Z,"info-needed, triage-needed",2,break,2076,"
Type: <b>Bug</b>

simple, its break

Extension version: 0.35.3
VS Code version: Code 1.107.1 (994fd...",open,Issue,290185,2026-01-26T20:07:43.660837,2,2
https://github.com/microsoft/vscode/issues/290184,,2026-01-24T22:09:11Z,DhitalPrakriti,91,2026-01-24T22:10:44Z,new release,1,Github copilot,2644,"
Type: <b>Bug</b>

Even if i disable github copilot its still giving me ideas and i dont want that p...",open,Issue,290184,2026-01-26T20:07:43.660837,0,2
https://github.com/microsoft/vscode/issues/290183,,2026-01-24T21:53:08Z,praeclarum,92,2026-01-24T22:07:43Z,,0,Can't select long text in Chat window,3578,"
Type: <b>Bug</b>

Since a few updates ago, you can no longer select long text in the chat window be...",open,Issue,290183,2026-01-26T20:07:43.660837,2,2
https://github.com/microsoft/vscode/issues/290182,,2026-01-24T21:52:14Z,isaiahmauyon,93,2026-01-24T22:10:47Z,triage-needed,1,Can't split Editor on the new version of VS code.,4696,"
Type: <b>Performance Issue</b>

After downloading the new version of VS code, i can't split my Edit...",open,Issue,290182,2026-01-26T20:07:43.660837,1,2
https://github.com/microsoft/vscode/issues/290181,,2026-01-24T21:48:20Z,tbenbrahim,94,2026-01-24T21:50:11Z,,0,Copilot Subagent does not have edit tool access when invoking agent does not have edit tool accesss,3910,"
Type: <b>Bug</b>

1. create a ""manager"" agent with no edit tool
2. create a ""developer"" agent with ...",open,Issue,290181,2026-01-26T20:07:43.660837,0,2
https://github.com/microsoft/vscode/issues/290178,,2026-01-24T21:29:42Z,FredrikFolkeryd,95,2026-01-26T10:22:23Z,,0,"prompts-diagnostics-provider reports valid relative links as ""File not found"" in copilot-instructions.md",1159,"- Copilot Chat Extension Version: 0.36.2
- VS Code Version: 1.108.1
- OS Version: macOS 26.2 (arm64)...",open,Issue,290178,2026-01-26T20:07:43.660837,4,2
https://github.com/microsoft/vscode/issues/290175,,2026-01-24T20:16:46Z,raj312,96,2026-01-26T09:22:09Z,"bug, network",2,network error. Please try again later. Request id: e3b8f45f-1d25-4e31-b479-09fbfb8367c2,1954,"
Type: <b>Bug</b>

Sorry, there was a network error. Please try again later. Request id: e3b8f45f-1d...",open,Issue,290175,2026-01-26T20:07:43.660837,1,2
https://github.com/microsoft/vscode/issues/290174,,2026-01-24T20:06:40Z,jeremykid,97,2026-01-24T20:08:08Z,"info-needed, triage-needed",2,Could not accept or close the inline editor,776,"
Type: <b>Bug</b>

Could not accept or close the inline editor

Extension version: 0.28.5
VS Code ve...",open,Issue,290174,2026-01-26T20:07:43.660837,2,2
https://github.com/microsoft/vscode/issues/290173,,2026-01-24T19:57:40Z,ghost,98,2026-01-26T08:33:04Z,,0,VS Code Copilot Chat does not create a checkpoint on the first message,613,"
Type: <b>Bug</b>

When using VS Code Copilot Chat, a checkpoint (snapshot of the files state) is no...",open,Issue,290173,2026-01-26T20:07:43.660837,1,2
https://github.com/microsoft/vscode/issues/290172,,2026-01-24T19:56:23Z,emi-dm,99,2026-01-26T09:38:49Z,chat-terminal-sandbox,1,Sandbox terminal execution error,612,"<!-- Please search existing issues to avoid creating duplicates -->
<!-- Please attach logs to help ...",open,Issue,290172,2026-01-26T20:07:43.660837,0,2
https://github.com/microsoft/vscode/issues/290170,,2026-01-24T19:45:01Z,hediet,100,2026-01-26T10:42:53Z,"bug, titlebar",2,Title Toolbar seems to ignore mouse events to the right of it,142,"When I click there, the context menu doesn't close:

![Image](https://github.com/user-attachments/as...",open,Issue,290170,2026-01-26T20:07:43.660837,2,2
https://github.com/microsoft/vscode/issues/290169,,2026-01-24T19:43:14Z,hediet,101,2026-01-25T18:04:16Z,"bug, papercut :drop_of_blood:, chat",3,Scrolling is broken?,89,![Image](https://github.com/user-attachments/assets/559de671-6e3b-4223-9040-304bbd65623e)...,open,Issue,290169,2026-01-26T20:07:43.660837,6,2
https://github.com/microsoft/vscode/issues/290168,,2026-01-24T19:37:25Z,hediet,102,2026-01-24T19:38:09Z,polish,1,Diff Editor is not layouted properly and leaves its container,130,"<img width=""180"" height=""152"" alt=""Image"" src=""https://github.com/user-attachments/assets/15f12f46-5...",open,Issue,290168,2026-01-26T20:07:43.660837,1,2
https://github.com/microsoft/vscode/issues/290165,,2026-01-24T19:29:52Z,arjun280405,103,2026-01-24T20:11:16Z,triage-needed,1,Subscription updation issue,1069,"<!-- ⚠️⚠️ Do Not Delete This! bug_report_template ⚠️⚠️ -->
<!-- Please read our Rules of Conduct: ht...",open,Issue,290165,2026-01-26T20:07:43.660837,0,2
https://github.com/microsoft/vscode/issues/290162,,2026-01-24T19:26:17Z,hediet,104,2026-01-24T20:21:16Z,papercut :drop_of_blood:,1,Cannot select command text,89,![Image](https://github.com/user-attachments/assets/cdb89769-a632-4bcb-9ea2-1e3ff9fee968)...,open,Issue,290162,2026-01-26T20:07:43.660837,1,2
https://github.com/microsoft/vscode/issues/290161,,2026-01-24T19:10:51Z,plushveil,105,2026-01-24T19:17:51Z,triage-needed,1,Chat Does Not Execute MCP Tools Reliably / No Direct Tool Invocation,1366,"<img width=""1096"" height=""276"" alt=""Image"" src=""https://github.com/user-attachments/assets/cdf06d1f-...",open,Issue,290161,2026-01-26T20:07:43.660837,1,2
https://github.com/microsoft/vscode/issues/290157,,2026-01-24T18:24:19Z,TylerLeonhardt,106,2026-01-24T18:51:15Z,"chat-input, chat-agent",2,Reload does not maintain agent harness choice,340,"* open window
* switch to anything other than Local (Background, Cloud, Claude)
* reload window
* 🐛 ...",open,Issue,290157,2026-01-26T20:07:43.660837,1,2
https://github.com/microsoft/vscode/issues/290156,,2026-01-24T17:55:38Z,tameemashrafwork,107,2026-01-24T17:56:49Z,"info-needed, triage-needed",2,Github Issues,2281,"
Type: <b>Bug</b>

I am connected to the github but the models are not working for me, it was workin...",open,Issue,290156,2026-01-26T20:07:43.660837,2,2
https://github.com/microsoft/vscode/issues/290154,,2026-01-24T17:16:51Z,bpasero,108,2026-01-24T18:43:33Z,"important, smoke-test-failure",2,Smoke test failures related to agent sessions welcome,476,"It seems the smoke test fails since https://github.com/microsoft/vscode/pull/290066 landed.

The smo...",open,Issue,290154,2026-01-26T20:07:43.660837,1,2
https://github.com/microsoft/vscode/issues/290151,,2026-01-24T16:59:06Z,1127,109,2026-01-24T17:00:32Z,new release,1,know strings vs arrays,2616,"
Type: <b>Bug</b>

That's wrong - $category is a string - not an array

Extension version: 1.388.0
V...",open,Issue,290151,2026-01-26T20:07:43.660837,0,2
https://github.com/microsoft/vscode/issues/290147,,2026-01-24T16:34:00Z,hima707ch,110,2026-01-24T17:09:41Z,"triage-needed, new release",2,Suggestion: Official Hindi Language Pack for Visual Studio Code UI,1139,"
Type: <b>Feature Request</b>

Hello VS Code Team,

I am writing to suggest the addition of Hindi as...",open,Issue,290147,2026-01-26T20:07:43.660837,0,2
https://github.com/microsoft/vscode/issues/290146,,2026-01-24T16:33:50Z,amyssnippet,111,2026-01-26T10:09:44Z,,0,[@types/vscode] The type for lineComment in CommentRule interface is out of date,1592,"<!-- ⚠️⚠️ Do Not Delete This! bug_report_template ⚠️⚠️ -->
<!-- Please read our Rules of Conduct: ht...",open,Issue,290146,2026-01-26T20:07:43.660837,2,2
https://github.com/microsoft/vscode/issues/290140,,2026-01-24T15:31:34Z,RodgeFu,112,2026-01-26T10:04:46Z,new release,1,Setting environment variable 'DEBUG' in launch.json doesn't take effect,3612,"
Type: <b>Bug</b>

1. In launch.json, set enviroment variable 'DEBUG'
2. launch debug for my vscode ...",open,Issue,290140,2026-01-26T20:07:43.660837,2,2
https://github.com/microsoft/vscode/issues/290138,,2026-01-24T15:13:18Z,Tyriar,113,2026-01-24T15:13:18Z,,0,Minimap behaves strangely when scrolling past large section of code deleted in chat,230,"See how the line in the minimap turns to 1 line, moves up/down despite no lines actually being visib...",open,Issue,290138,2026-01-26T20:07:43.660837,0,2
https://github.com/microsoft/vscode/issues/290137,,2026-01-24T14:26:37Z,VilleUH,114,2026-01-24T14:27:33Z,,0,"The keybinding ""Github Copilot: Toggle (Enable/Disable)"" should also hide/show inline suggestion on trigger.",601,"<!-- ⚠️⚠️ Do Not Delete This! feature_request_template ⚠️⚠️ -->
<!-- Please read our Rules of Conduc...",open,Issue,290137,2026-01-26T20:07:43.660837,0,2
https://github.com/microsoft/vscode/issues/290136,,2026-01-24T14:22:53Z,shakil1819,115,2026-01-24T15:10:19Z,,0,"Several key shortcuts are not working inside vs code insiders - Copy , Paste , Select all on Ubuntu 22.04",3478,"
Type: <b>Bug</b>

Several key shortcuts are not working inside vs code insiders - Copy , Paste , Se...",open,Issue,290136,2026-01-26T20:07:43.660837,0,2
https://github.com/microsoft/vscode/issues/290135,,2026-01-24T14:18:15Z,Camalia77,116,2026-01-26T09:32:06Z,"triage-needed, new release",2,"""Rename: Enable Preview"" settings not working",3081,"
Type: <b>Bug</b>

I turned the setting ""Rename: Enable Preview"" OFF in ""User"", ""Remote"" & ""Workspac...",open,Issue,290135,2026-01-26T20:07:43.660837,2,2
https://github.com/microsoft/vscode/issues/290131,,2026-01-24T13:33:20Z,foxmsft,117,2026-01-26T06:14:26Z,triage-needed,1,Command Center is enabled in all new windows,1568,"
Type: <b>Bug</b>

Every time I start a new instance of vscode Insiders, the Command Center control ...",open,Issue,290131,2026-01-26T20:07:43.660837,1,2
https://github.com/microsoft/vscode/issues/290130,,2026-01-24T13:31:40Z,AndyP2,118,2026-01-24T13:44:01Z,new release,1,it read a secret from .env file and repeated it back for all to see,2934,"
Type: <b>Bug</b>

I had an api key in a .env file. It read the file and repeated the key back in th...",open,Issue,290130,2026-01-26T20:07:43.660837,1,2
https://github.com/microsoft/vscode/issues/290129,,2026-01-24T13:04:53Z,navaronbracke,119,2026-01-24T20:42:28Z,,0,The color preview / color picker displays in plain text files under certain circumstances,1935,"<!-- ⚠️⚠️ Do Not Delete This! bug_report_template ⚠️⚠️ -->
<!-- Please read our Rules of Conduct: ht...",open,Issue,290129,2026-01-26T20:07:43.660837,4,2
https://github.com/microsoft/vscode/issues/290128,,2026-01-24T12:28:23Z,bpasero,120,2026-01-24T12:28:23Z,freeze-slow-crash-leak,1,Disposable leak: ProblemReporter,1515,"```
[1291:0124/132658.230929:INFO:CONSOLE:24] ""[LEAKED DISPOSABLE] Error: CREATED via:
    at GCBase...",open,Issue,290128,2026-01-26T20:07:43.660837,0,2
https://github.com/microsoft/vscode/issues/290127,,2026-01-24T12:22:31Z,anupamwtl,121,2026-01-24T12:23:46Z,new release,1,Chat took too long to get ready. Please ensure you are signed in to GitHub and that the extension GitHub.copilot-chat is installed and enabled.,2318,"
Type: <b>Bug</b>

Chat took too long to get ready. Please ensure you are signed in to GitHub and th...",open,Issue,290127,2026-01-26T20:07:43.660837,0,2
https://github.com/microsoft/vscode/issues/290123,,2026-01-24T08:54:24Z,nednednerb,122,2026-01-24T08:56:02Z,,0,"Agent claims to be running commands, but nothing happens",2647,"
Type: <b>Bug</b>

On occasion, usually late at night, copilot totally breaks down and can no long r...",open,Issue,290123,2026-01-26T20:07:43.660837,1,2
https://github.com/microsoft/vscode/issues/290118,,2026-01-24T07:58:52Z,ragavilingesan,123,2026-01-24T08:00:18Z,"info-needed, triage-needed, new release",3,uprade to pro doesnt reflect here,1930,"
Type: <b>Bug</b>

uprade to pro doesnt reflect here 

Extension version: 0.36.2
VS Code version: Co...",open,Issue,290118,2026-01-26T20:07:43.660837,1,2
https://github.com/microsoft/vscode/issues/290117,,2026-01-24T07:53:12Z,vrajpatel2451,124,2026-01-24T08:13:50Z,triage-needed,1,Everything getting slow and freezed,2850,"
Type: <b>Bug</b>

My github not working, node operations not working, everything getting slow I do ...",open,Issue,290117,2026-01-26T20:07:43.660837,4,2
https://github.com/microsoft/vscode/issues/290116,,2026-01-24T07:47:13Z,BNL-CODER,125,2026-01-24T09:50:30Z,"info-needed, triage-needed",2,How to stop this,2208,"
Type: <b>Bug</b>

I cant understood how to stop this feature.

Extension version: 1.388.0
VS Code v...",open,Issue,290116,2026-01-26T20:07:43.660837,3,2
https://github.com/microsoft/vscode/issues/290110,,2026-01-24T07:10:31Z,terry-nederveld,126,2026-01-24T07:11:24Z,,0,feat(mcp): Implement MCPB bundle package installation support,2557,"## Summary

The `RegistryType.MCPB` is defined in the codebase for MCP bundle packages, but the inst...",open,Issue,290110,2026-01-26T20:07:43.660837,0,2
https://github.com/microsoft/vscode/issues/290109,,2026-01-24T07:04:57Z,arsinclair,127,2026-01-24T07:11:29Z,"triage-needed, new release",2,Terminal Quick Suggestions popup window overflows with the text editor,1805,"
Type: <b>Bug</b>

When I start typing in my terminal, the quick suggestions popup window is more th...",open,Issue,290109,2026-01-26T20:07:43.660837,0,2
https://github.com/microsoft/vscode/issues/290107,,2026-01-24T06:55:22Z,inthedark122,128,2026-01-24T06:56:41Z,"info-needed, triage-needed",2,I asked to ingore using Github but it still asking me every time,333,"
Type: <b>Bug</b>

Please restrict Github access if user ask to do it. Don't ask it again and again ...",open,Issue,290107,2026-01-26T20:07:43.660837,2,2
https://github.com/microsoft/vscode/issues/290106,,2026-01-24T06:52:39Z,thicien,129,2026-01-24T06:53:52Z,"info-needed, triage-needed, new release",3,Limiting my requests,2035,"
Type: <b>Bug</b>

please you give me the trial af 30 days from today until 22 february but till now...",open,Issue,290106,2026-01-26T20:07:43.660837,1,2
https://github.com/microsoft/vscode/issues/290105,,2026-01-24T06:29:04Z,rgsharma795-ai,130,2026-01-24T06:30:12Z,"info-needed, triage-needed",2,g,1719,"
Type: <b>Bug</b>

gjggggweeeeeeeeeeeeeee

Extension version: 1.388.0
VS Code version: Code 1.105.1 ...",open,Issue,290105,2026-01-26T20:07:43.660837,2,2
https://github.com/microsoft/vscode/issues/290104,,2026-01-24T06:28:34Z,rgsharma795-ai,131,2026-01-24T06:30:00Z,"info-needed, triage-needed",2,eeeeeeeeeeg,1719,"
Type: <b>Bug</b>

gjggggweeeeeeeeeeeeeee

Extension version: 1.388.0
VS Code version: Code 1.105.1 ...",open,Issue,290104,2026-01-26T20:07:43.660837,2,2
https://github.com/microsoft/vscode/issues/290102,,2026-01-24T06:15:20Z,nicholasmabrams,132,2026-01-24T07:11:32Z,triage-needed,1,Worker,5904,"
Type: <b>Performance Issue</b>

Worker initialization failure: EMFILE

Extension version: 0.36.2
VS...",open,Issue,290102,2026-01-26T20:07:43.660837,1,2
https://github.com/microsoft/vscode/issues/290097,,2026-01-24T05:17:05Z,NityaIsCoding,133,2026-01-26T12:07:33Z,~info-needed,1,Unable to access style50 and design50,985,"Hello CS50 Team,

I am working in cs50.dev (GitHub Codespaces) and I am unable to run style50 and de...",open,Issue,290097,2026-01-26T20:07:43.660837,1,2
https://github.com/microsoft/vscode/issues/290096,,2026-01-24T05:08:43Z,cswilson252,134,2026-01-24T05:11:51Z,,0,Allow --ours and --theirs options for multiple files in large merge conflicts,716,"<!-- ⚠️⚠️ Do Not Delete This! feature_request_template ⚠️⚠️ -->
<!-- Please read our Rules of Conduc...",open,Issue,290096,2026-01-26T20:07:43.660837,0,2
https://github.com/microsoft/vscode/issues/290095,,2026-01-24T05:03:35Z,zerotrick,135,2026-01-24T05:05:10Z,"info-needed, triage-needed, new release",3,Keep making tireless errors,2129,"
Type: <b>Bug</b>

Exhausting for user to keep monitoring and repeating the same message and keeps d...",open,Issue,290095,2026-01-26T20:07:43.660837,1,2
https://github.com/microsoft/vscode/issues/290093,,2026-01-24T04:47:49Z,ChayimEliazer,136,2026-01-26T10:07:56Z,"feature-request, editor-core, new release",3,Provide 'Copy Declaration' on class/method name,353,"
Type: <b>Feature Request</b>

Implement a option to select a Method or entire Class by clicking on ...",open,Issue,290093,2026-01-26T20:07:43.660837,2,2
https://github.com/microsoft/vscode/issues/290091,,2026-01-24T04:39:45Z,guilhermekodenvis,137,2026-01-24T04:41:15Z,"info-needed, triage-needed, ai-translated",3,IA está criando bugs de propósito,2265,"
Type: <b>Bug</b>

a IA está claramente deixando rastros de código errado para que eu solicite corre...",open,Issue,290091,2026-01-26T20:07:43.660837,3,2
https://github.com/microsoft/vscode/issues/290090,,2026-01-24T03:51:47Z,meganrogge,138,2026-01-24T03:53:31Z,testplan-item,1,[testplan-item] Dynamically stream in chat response to the accessible view,1616,"Refs https://github.com/microsoft/vscode/issues/281602

- [ ] Windows 
- [ ] macOS 
- [ ] Linux 

Co...",open,Issue,290090,2026-01-26T20:07:43.660837,0,2
https://github.com/microsoft/vscode/issues/290088,,2026-01-24T03:48:58Z,ZenixR1,139,2026-01-24T04:22:15Z,"triage-needed, new release",2,Hyprland DE is not being detected by os_crypt,3235,"
Type: <b>Bug</b>

Does this issue occur when all extensions are disabled?: Yes (confirmed with ""cod...",open,Issue,290088,2026-01-26T20:07:43.660837,0,2
https://github.com/microsoft/vscode/issues/290085,,2026-01-24T02:59:09Z,vooteam-admin,140,2026-01-24T03:00:32Z,"info-needed, triage-needed",2,Credits not reflected,2006,"
Type: <b>Bug</b>

I increased my copilot credits and it is not updating in copilot. I will  look in...",open,Issue,290085,2026-01-26T20:07:43.660837,2,2
https://github.com/microsoft/vscode/issues/290084,,2026-01-24T02:43:38Z,unthinkmedia,141,2026-01-24T02:46:29Z,"feature-request, browser-integration",2,Pin actions to browser header,693,"
<!-- ⚠️⚠️ Do Not Delete This! feature_request_template ⚠️⚠️ -->
<!-- Please read our Rules of Condu...",open,Issue,290084,2026-01-26T20:07:43.660837,0,2
https://github.com/microsoft/vscode/issues/290083,,2026-01-24T02:33:51Z,crazysrtguy,142,2026-01-24T02:35:21Z,"info-needed, triage-needed",2,images,2128,"
Type: <b>Bug</b>

anytime u try to use image on chatgpt, it gets an error and will never recover an...",open,Issue,290083,2026-01-26T20:07:43.660837,2,2
https://github.com/microsoft/vscode/issues/290082,,2026-01-24T02:33:19Z,unthinkmedia,143,2026-01-24T02:34:14Z,"feature-request, browser-integration",2,Select type of browser data to delete,624,"<!-- ⚠️⚠️ Do Not Delete This! feature_request_template ⚠️⚠️ -->
<!-- Please read our Rules of Conduc...",open,Issue,290082,2026-01-26T20:07:43.660837,0,2
https://github.com/microsoft/vscode/issues/290080,,2026-01-24T02:31:00Z,meganrogge,144,2026-01-24T02:32:33Z,testplan-item,1,[testplan-item] add aria alert for when new chat is created,152,"Refs https://github.com/microsoft/vscode/issues/286830

- [ ] Windows 
- [ ] macOS 
- [ ] Linux 

Co...",open,Issue,290080,2026-01-26T20:07:43.660837,0,2
https://github.com/microsoft/vscode/issues/290078,,2026-01-24T02:27:38Z,meganrogge,145,2026-01-24T02:29:01Z,testplan-item,1,[testplan-item] add aria alert for when new chat is created,152,"Refs https://github.com/microsoft/vscode/issues/286830

- [ ] Windows 
- [ ] macOS 
- [ ] Linux 

Co...",open,Issue,290078,2026-01-26T20:07:43.660837,0,2
https://github.com/microsoft/vscode/issues/290068,,2026-01-24T01:00:56Z,rak-ko,146,2026-01-24T01:39:47Z,,0,Window won't focus under native Wayland,4988,"
Type: <b>Bug</b>

### Steps to reproduce
1. Launch default vscode (```--ozone-platform=wayland```)
...",open,Issue,290068,2026-01-26T20:07:43.660837,2,2
https://github.com/microsoft/vscode/issues/290065,,2026-01-24T00:38:34Z,digitarald,147,2026-01-24T00:38:34Z,,0,Opening Terminal from an agent confirm-input flow doesn't show all output,230,"Opened the terminal to understand what the confirmation is for, but it didn't have the full content ...",open,Issue,290065,2026-01-26T20:07:43.660837,0,2
https://github.com/microsoft/vscode/issues/290063,,2026-01-24T00:29:43Z,digitarald,148,2026-01-24T00:30:55Z,"bug, chat-mcp",2,MCP: structuredContent in tool result overrides content[].text sent to model,2488,"## Problem

When an MCP tool returns both `content[].text` and `structuredContent`, VS Code ignores ...",open,Issue,290063,2026-01-26T20:07:43.660837,0,2
https://github.com/microsoft/vscode/issues/290062,,2026-01-24T00:26:18Z,TylerLeonhardt,149,2026-01-24T00:26:18Z,"feature-request, chat-external-agent",2,Subagent support on the rendering side of things for Claude Agent,360,"This will need work in both the:
* content provider - understand the structure of the filesystem of ...",open,Issue,290062,2026-01-26T20:07:43.660837,0,2
https://github.com/microsoft/vscode/issues/290048,,2026-01-23T23:32:15Z,TylerLeonhardt,150,2026-01-23T23:32:15Z,"feature-request, chat-external-agent",2,"Make Claude Agent ""not preview""",55,"Issues to fix before making Claude Agent ""not preview""
...",open,Issue,290048,2026-01-26T20:07:43.660837,0,2
https://github.com/microsoft/vscode/issues/290034,,2026-01-23T22:20:44Z,xguarch,151,2026-01-24T00:32:01Z,"feature-request, chat-summarization",2,Warn and request approval before Copilot chat context trimming/editing,2221,"<!-- ⚠️⚠️ Do Not Delete This! feature_request_template ⚠️⚠️ -->
<!-- Please read our Rules of Conduc...",open,Issue,290034,2026-01-26T20:07:43.660837,3,2
https://github.com/microsoft/vscode/issues/290030,,2026-01-23T22:15:09Z,Papa-Dris,152,2026-01-23T22:16:12Z,,0,Chat took too long to get ready,29556,"
Type: <b>Bug</b>

Chat took too long to get ready

Extension version: 0.37.2026012202
VS Code versi...",open,Issue,290030,2026-01-26T20:07:43.660837,0,2
https://github.com/microsoft/vscode/issues/290028,,2026-01-23T21:50:20Z,meganrogge,153,2026-01-23T21:51:42Z,testplan-item,1,[testplan-item] Process dependent tasks in parallel,117,"Refs https://github.com/microsoft/vscode/issues/288439

- [ ] Windows 
- [ ] macOS 
- [ ] Linux 

Co...",open,Issue,290028,2026-01-26T20:07:43.660837,0,2
https://github.com/microsoft/vscode/issues/290021,,2026-01-23T21:27:52Z,bs,154,2026-01-23T21:28:38Z,,0,Only old OpenAI models show up with BYOK,342,"Using the latest, but Code and Insider. I have a boilerplate openai api setup, nothing changed on my...",open,Issue,290021,2026-01-26T20:07:43.660837,0,2
https://github.com/microsoft/vscode/issues/290019,,2026-01-23T21:14:36Z,meganrogge,155,2026-01-23T21:38:13Z,"feature-request, accessibility, chat",3,Indicate what's new in each insider's on welcome page,139,We could use an LLM to generate this. Inspired by @rperez030 and his accessiblity custom agent. This...,open,Issue,290019,2026-01-26T20:07:43.660837,1,2
https://github.com/microsoft/vscode/issues/290018,,2026-01-23T21:13:14Z,meganrogge,156,2026-01-23T21:13:30Z,"feature-request, accessibility, chat",3,Add a command/kb to toggle thinking content inclusion/exclusion in the chat response accessible view,184,"After discussing with @jooyoungseo, @rperez030 and @accesswatch, we decided that providing a way to ...",open,Issue,290018,2026-01-26T20:07:43.660837,0,2
https://github.com/microsoft/vscode/issues/290017,,2026-01-23T21:11:27Z,meganrogge,157,2026-01-24T03:07:24Z,accessibility,1,Indicate find behavior in VS Code in editor's accessibility help dialog,438,"@accesswatch, @rperez030, @jooyoungseo and I discussed https://github.com/microsoft/vscode/issues/26...",open,Issue,290017,2026-01-26T20:07:43.660837,1,2
https://github.com/microsoft/vscode/issues/290014,,2026-01-23T20:49:40Z,SU-Daigoro,158,2026-01-24T00:30:31Z,,0,"""I'll monitor the build and report back when it finishes (or if it errors).""",2420,"
Type: <b>Bug</b>

Copilot often says things like ""I'll monitor the build and report back when it fi...",open,Issue,290014,2026-01-26T20:07:43.660837,2,2
https://github.com/microsoft/vscode/issues/290013,,2026-01-23T20:48:16Z,mrairdon-midmark,159,2026-01-23T20:50:18Z,,0,Allow Copilot to read images using a built-in tool,1275,"## Current State

Currently there are two methods for allowing Copilot in VSCode to read images:

1....",open,Issue,290013,2026-01-26T20:07:43.660837,0,2
https://github.com/microsoft/vscode/issues/290011,,2026-01-23T20:39:27Z,roblourens,160,2026-01-25T19:33:15Z,scm,1,'Collapse all' button is breaking my muscle memory,418,"In Insiders, there is now a 'collapse all' button in the right-most position, which used to be the '...",open,Issue,290011,2026-01-26T20:07:43.660837,3,2
https://github.com/microsoft/vscode/issues/290009,,2026-01-23T20:09:45Z,joshspicer,161,2026-01-23T20:29:36Z,,0,"Expose configurable private {extension,mcp} marketplace when launching code server",376,"
From customers that want to use code-server and also use private marketplace functionality. 

These...",open,Issue,290009,2026-01-26T20:07:43.660837,1,2
https://github.com/microsoft/vscode/issues/290002,,2026-01-23T19:24:26Z,rzhao271,162,2026-01-23T19:24:26Z,,0,Cloud agent does not work for user-entered repository,565,"1. Open a new empty window.
2. Switch the chat panel to use the cloud agent.
3. Click on the reposit...",open,Issue,290002,2026-01-26T20:07:43.660837,0,2
https://github.com/microsoft/vscode/issues/290001,,2026-01-23T19:23:23Z,jclas,163,2026-01-23T19:25:33Z,"info-needed, triage-needed, new release",3,Agent writes code ontop of old AI-cached code,2348,"
Type: <b>Bug</b>

GPT-4.1 will occasionally (actually quite a lot) use old code on which to base it...",open,Issue,290001,2026-01-26T20:07:43.660837,1,2
https://github.com/microsoft/vscode/issues/289997,,2026-01-23T19:07:30Z,Sam-VO,164,2026-01-23T19:14:44Z,new release,1,Give terminal focus when it is selected,1635,"
Type: <b>Bug</b>

Some operations in vscode will cause a new terminal to spawn like running tests. ...",open,Issue,289997,2026-01-26T20:07:43.660837,0,2
https://github.com/microsoft/vscode/issues/289991,,2026-01-23T18:44:00Z,Ali6999,165,2026-01-23T18:46:03Z,new release,1,error ,1962,"
Type: <b>Bug</b>

Chat took too long to get ready. Please ensure you are signed in to GitHub and th...",open,Issue,289991,2026-01-26T20:07:43.660837,0,2
https://github.com/microsoft/vscode/issues/289990,,2026-01-23T18:42:43Z,fishcharlie,166,2026-01-23T18:43:48Z,,0,Time Spent/Duration for Copilot Chat,509,"<!-- ⚠️⚠️ Do Not Delete This! feature_request_template ⚠️⚠️ -->
<!-- Please read our Rules of Conduc...",open,Issue,289990,2026-01-26T20:07:43.660837,0,2
https://github.com/microsoft/vscode/issues/289989,,2026-01-23T18:39:02Z,HopperTech,167,2026-01-23T18:40:36Z,,0,Chat consistently changes to a different terminal to run commands,724,"<!-- Please search existing issues to avoid creating duplicates -->
<!-- Please attach logs to help ...",open,Issue,289989,2026-01-26T20:07:43.660837,1,2
https://github.com/microsoft/vscode/issues/289983,,2026-01-23T18:07:18Z,timheuer,168,2026-01-26T09:51:25Z,,0,Keep my custom agent mode selected,1490,"
Type: <b>Bug</b>

I have a custom agent that I like to use. Each time I open a new workspace/reload...",open,Issue,289983,2026-01-26T20:07:43.660837,1,2
https://github.com/microsoft/vscode/issues/289982,,2026-01-23T18:03:15Z,slugx999,169,2026-01-23T20:57:59Z,info-needed,1,urgent! missing models,7074,"
Type: <b>Bug</b>

i have been using my models without any issues and all of sudden some of my premi...",open,Issue,289982,2026-01-26T20:07:43.660837,6,2
https://github.com/microsoft/vscode/issues/289980,,2026-01-23T17:50:12Z,amunger,170,2026-01-23T17:51:13Z,,0,configure tools quick pick auto closes when scrolled,172,"
Steps to Reproduce:

1. create a new custom agent
2. click on `configure tools`
3. select built in,...",open,Issue,289980,2026-01-26T20:07:43.660837,2,2
https://github.com/microsoft/vscode/issues/289978,,2026-01-23T17:46:52Z,digitarald,171,2026-01-23T17:47:00Z,"polish, chat-custom-modes",2,"Clarify that Custom Agent descriptions primarily inform orchestrator usage, not for users",191,"Unoptimized _descriptions_ will lead to custom agents being over or under-utilized in subagents.

- ...",open,Issue,289978,2026-01-26T20:07:43.660837,0,2
https://github.com/microsoft/vscode/issues/289976,,2026-01-23T17:37:03Z,lramos15,172,2026-01-23T17:37:03Z,,0,Language model group with name Azure already exists for vendor azure,1595,"Seeing this everytime I start the extension

```
rejected promise not handled within 1 second: Error...",open,Issue,289976,2026-01-26T20:07:43.660837,0,2
https://github.com/microsoft/vscode/issues/289973,,2026-01-23T17:27:00Z,jfilcik,173,2026-01-23T20:27:13Z,,0,[Data loss] Background Agent created/removed git worktrees and deleted pending local changes after “Copy Changes”,9550,"
Type: <b>Bug</b>

Area
copilot • background-agent • worktree • data-loss
Environment

OS: Windows (...",open,Issue,289973,2026-01-26T20:07:43.660837,1,2
https://github.com/microsoft/vscode/issues/290270,,2026-01-25T16:24:41Z,codingU4EA,174,2026-01-26T11:00:33Z,"feature-request, terminal, layout",3,Add 2 more buttons to improve the toggle of Panel Sizes,1569,"<!-- ⚠️⚠️ Do Not Delete This! feature_request_template ⚠️⚠️ -->
<!-- Please read our Rules of Conduc...",open,Issue,290270,2026-01-26T20:07:45.766236,2,3
https://github.com/microsoft/vscode/issues/290269,,2026-01-25T16:11:18Z,theReynald,175,2026-01-26T10:43:08Z,new release,1,"Unify Skills plus other Copilot customization file formats into a single “metafile” (i.e. prompts, instructions, agents, skills)",3290,"<!-- ⚠️⚠️ Do Not Delete This! feature_request_template ⚠️⚠️ -->
<!-- Please read our Rules of Conduc...",open,Issue,290269,2026-01-26T20:07:45.766236,1,3
https://github.com/microsoft/vscode/issues/290268,,2026-01-25T16:09:15Z,softbryanorg-star,176,2026-01-25T16:12:10Z,new release,1,i have an issue,2200,"
Type: <b>Bug</b>

i have installed copilot on my windows system and i am signed in to git hub yet c...",open,Issue,290268,2026-01-26T20:07:45.766236,0,3
https://github.com/microsoft/vscode/issues/290267,,2026-01-25T15:38:00Z,Rolanddoda,177,2026-01-25T16:34:59Z,new release,1,Popup for Google model,28341,"
Type: <b>Bug</b>

Honestly I don't know but the Popup for the Google model isn't opening. I probabl...",open,Issue,290267,2026-01-26T20:07:45.766236,3,3
https://github.com/microsoft/vscode/issues/290266,,2026-01-25T14:53:17Z,hediet,178,2026-01-25T21:59:23Z,feature-request,1,Need a way to inspect every tool call to understand how the LLM operates / what bugs the tools have,351,"The current log view is not sufficient.

This shouln't be for debugging, but for understanding the t...",open,Issue,290266,2026-01-26T20:07:45.766236,2,3
https://github.com/microsoft/vscode/issues/290264,,2026-01-25T14:33:41Z,pculligan,179,2026-01-25T14:35:10Z,new release,1,Cannot Use OpenAI from Copilot Chat,1622,"<!-- Please search existing issues to avoid creating duplicates -->
<!-- Please attach logs to help ...",open,Issue,290264,2026-01-26T20:07:45.766236,0,3
https://github.com/microsoft/vscode/issues/290263,,2026-01-25T14:32:40Z,gdfbsgs,180,2026-01-25T15:10:40Z,new release,1,doesnt start at all,2127,"
Type: <b>Bug</b>

Chat took too long to get ready. Please ensure you are signed in to GitHub and th...",open,Issue,290263,2026-01-26T20:07:45.766236,0,3
https://github.com/microsoft/vscode/issues/290256,,2026-01-25T14:29:49Z,wallimhammami10-ui,181,2026-01-25T14:31:16Z,"info-needed, triage-needed, new release",3,kdzbc,2560,"
Type: <b>Bug</b>

ne travaile pas slvp

Extension version: 1.388.0
VS Code version: Code 1.108.2 (c...",open,Issue,290256,2026-01-26T20:07:45.766236,1,3
https://github.com/microsoft/vscode/issues/290255,,2026-01-25T14:18:48Z,willianfco,182,2026-01-25T14:20:14Z,ai-translated,1,Nao processa request,2084,"
Type: <b>Bug</b>

Eu solicitei uma legenda para uma imagem e ele retornou erro 413, a imagem é rela...",open,Issue,290255,2026-01-26T20:07:45.766236,2,3
https://github.com/microsoft/vscode/issues/290254,,2026-01-25T13:29:13Z,Weijiang-Xiong,183,2026-01-25T14:35:29Z,,0,Separate copilot inline suggestions from chat,1079,"<!-- ⚠️⚠️ Do Not Delete This! feature_request_template ⚠️⚠️ -->
<!-- Please read our Rules of Conduc...",open,Issue,290254,2026-01-26T20:07:45.766236,1,3
https://github.com/microsoft/vscode/issues/290251,,2026-01-25T12:34:11Z,praneethpaavan,184,2026-01-25T12:35:36Z,"info-needed, triage-needed, new release",3,more recommendations,2862,"
Type: <b>Bug</b>

try to give simple recommendations


VS Code version: Code 1.108.2 (c9d77990917f3...",open,Issue,290251,2026-01-26T20:07:45.766236,1,3
https://github.com/microsoft/vscode/issues/290250,,2026-01-25T11:54:31Z,hediet,185,2026-01-26T05:43:22Z,bug,1,Allo edits to sensitive files doesn't remember choice,155,"<img width=""518"" height=""463"" alt=""Image"" src=""https://github.com/user-attachments/assets/ca01cbb9-3...",open,Issue,290250,2026-01-26T20:07:45.766236,0,3
https://github.com/microsoft/vscode/issues/290247,,2026-01-25T10:47:43Z,AshutoshDongaonkar,186,2026-01-26T10:04:06Z,"info-needed, new release",2,Instructions not followed,5424,"
Type: <b>Bug</b>

Here are the instructions - this analysis is absolutely false and carry no value....",open,Issue,290247,2026-01-26T20:07:45.766236,1,3
https://github.com/microsoft/vscode/issues/290246,,2026-01-25T10:20:34Z,letmaik,187,2026-01-25T10:21:31Z,,0,"UI broken for long ""Allow edits to sensitive files"" content",562,"<!-- Please search existing issues to avoid creating duplicates -->
<!-- Please attach logs to help ...",open,Issue,290246,2026-01-26T20:07:45.766236,0,3
https://github.com/microsoft/vscode/issues/290244,,2026-01-25T09:28:50Z,saimrudulaboddeda-a11y,188,2026-01-25T10:11:00Z,new release,1,terminal launch transport time exception,2588,"
Type: <b>Bug</b>

terminal launch transport time issue

VS Code version: Code 1.108.2 (c9d77990917f...",open,Issue,290244,2026-01-26T20:07:45.766236,0,3
https://github.com/microsoft/vscode/issues/290243,,2026-01-25T09:23:54Z,bpasero,189,2026-01-25T15:48:45Z,"bug, chat-claude-agent",2,Claude sessions: fill in more sessions property,457,https://github.com/microsoft/vscode-copilot-chat/blob/beb172e73ae347bf9a290396711fa3a85dda6064/src/e...,open,Issue,290243,2026-01-26T20:07:45.766236,0,3
https://github.com/microsoft/vscode/issues/290241,,2026-01-25T09:07:52Z,bpasero,190,2026-01-25T10:10:48Z,testplan-item,1,Test: agent sessions management window,907,"Refs: <!-- Refer to the issue that this test plan item is testing. -->

- [ ] anyOS
- [ ] anyOS

Com...",open,Issue,290241,2026-01-26T20:07:45.766236,0,3
https://github.com/microsoft/vscode/issues/290240,,2026-01-25T09:04:21Z,asmrtfm,191,2026-01-25T09:15:56Z,triage-needed,1,editor.find should be case-sensitive by default or allow configuring,548,"There is no such thing as a case-insensitive programming language.
It is extremely annoying (and dan...",open,Issue,290240,2026-01-26T20:07:45.766236,1,3
https://github.com/microsoft/vscode/issues/290239,,2026-01-25T09:03:15Z,bpasero,192,2026-01-25T09:04:28Z,testplan-item,1,Test: active/history chat session view,771,"Refs: <!-- Refer to the issue that this test plan item is testing. -->

- [ ] anyOS
- [ ] anyOS

Com...",open,Issue,290239,2026-01-26T20:07:45.766236,0,3
https://github.com/microsoft/vscode/issues/290235,,2026-01-25T08:06:37Z,z85t95rcrs-art,193,2026-01-25T08:07:57Z,"info-needed, triage-needed, new release",3,Error response after severall retries,2042,"
Type: <b>Bug</b>

This was my request: ""chci z poslednich 15 minutovych svicek sbirat rozdilove hod...",open,Issue,290235,2026-01-26T20:07:45.766236,1,3
https://github.com/microsoft/vscode/issues/290234,,2026-01-25T07:41:41Z,bpasero,194,2026-01-25T07:41:41Z,important,1,Chat: Retry Connection is a no-op,1246,"Steps to Reproduce:

1. have a VS Code window with an expired GH token
2. try to chat
3. eventually ...",open,Issue,290234,2026-01-26T20:07:45.766236,0,3
https://github.com/microsoft/vscode/issues/290229,,2026-01-25T07:04:18Z,bhavyaus,195,2026-01-25T07:05:34Z,,0,Update token counting calculation for telemetry to reuse context window widget token details,204,"
The context window widget already computes detailed token breakdowns. The telemetry system should b...",open,Issue,290229,2026-01-26T20:07:45.766236,0,3
https://github.com/microsoft/vscode/issues/290228,,2026-01-25T07:04:03Z,Scatterblak,196,2026-01-26T08:31:34Z,,0,"replace_string_in_file now opens a dialog in the chat pane, and it's awful.",2137,"** Please search existing issues to avoid creating duplicates ** 
--I did, this is fairly specific, ...",open,Issue,290228,2026-01-26T20:07:45.766236,1,3
https://github.com/microsoft/vscode/issues/290227,,2026-01-25T06:59:38Z,Greeny187,197,2026-01-25T07:01:11Z,"info-needed, triage-needed, new release",3,not for 10 in a month,2054,"
Type: <b>Bug</b>

first try, first issue

Extension version: 0.36.2
VS Code version: Code 1.108.2 (...",open,Issue,290227,2026-01-26T20:07:45.767579,1,3
https://github.com/microsoft/vscode/issues/290354,,2026-01-26T10:27:30Z,senhalil,198,2026-01-26T11:11:55Z,,0,Git - single line diff in the inline git blame box,976,"<!-- ⚠️⚠️ Do Not Delete This! feature_request_template ⚠️⚠️ -->
<!-- Please read our Rules of Conduc...",open,Issue,290354,2026-01-26T20:07:47.623415,0,4
https://github.com/microsoft/vscode/issues/290352,,2026-01-26T10:19:40Z,ntrogh,199,2026-01-26T11:20:55Z,"bug, confirmed, chat-agents-view",3,Filter agent sessions resets when selecting additional session state filter,2954,"
Type: <b>Bug</b>

1. Open Chat view
1. Update the list of session filters (e.g. uncheck Completed)
...",open,Issue,290352,2026-01-26T20:07:47.623415,1,4
https://github.com/microsoft/vscode/issues/290351,,2026-01-26T10:16:23Z,kenzoviski,200,2026-01-26T11:11:58Z,new release,1,Test Explorer not picking tests from C# project,1586,"<!-- ⚠️⚠️ Do Not Delete This! bug_report_template ⚠️⚠️ -->
<!-- Please read our Rules of Conduct: ht...",open,Issue,290351,2026-01-26T20:07:47.623415,0,4
