主页,头像URL,序号,用户ID,用户名,管理员,类型,获取时间,页码
https://github.com/alexdima,https://avatars.githubusercontent.com/u/5047891?v=4,1,5047891,alexdima,True,User,2026-01-26T20:07:57.333021,1
https://github.com/isidorn,https://avatars.githubusercontent.com/u/1926584?v=4,2,1926584,isidorn,True,User,2026-01-26T20:07:57.333021,1
https://github.com/bpasero,https://avatars.githubusercontent.com/u/900690?v=4,3,900690,bpasero,True,User,2026-01-26T20:07:57.333021,1
https://github.com/jrieken,https://avatars.githubusercontent.com/u/1794099?v=4,4,1794099,jrieken,True,User,2026-01-26T20:07:57.333021,1
https://github.com/aaronhoffman,https://avatars.githubusercontent.com/u/109249?v=4,5,109249,aaronhoffman,False,User,2026-01-26T20:07:57.333021,1
https://github.com/feliperochadev,https://avatars.githubusercontent.com/u/5233005?v=4,6,5233005,feliperochadev,False,User,2026-01-26T20:07:57.333021,1
https://github.com/mika-f,https://avatars.githubusercontent.com/u/10832834?v=4,7,10832834,mika-f,False,User,2026-01-26T20:07:57.333021,1
https://github.com/WestDiscGolf,https://avatars.githubusercontent.com/u/374343?v=4,8,374343,WestDiscGolf,False,User,2026-01-26T20:07:57.333021,1
https://github.com/giann,https://avatars.githubusercontent.com/u/584398?v=4,9,584398,giann,False,User,2026-01-26T20:07:57.333021,1
https://github.com/dfinke,https://avatars.githubusercontent.com/u/67258?v=4,10,67258,dfinke,False,User,2026-01-26T20:07:57.333021,1
https://github.com/andremarques023,https://avatars.githubusercontent.com/u/13180614?v=4,11,13180614,andremarques023,False,User,2026-01-26T20:07:57.333021,1
https://github.com/juliankay,https://avatars.githubusercontent.com/u/952538?v=4,12,952538,juliankay,False,User,2026-01-26T20:07:57.333021,1
https://github.com/SamuelMcAravey,https://avatars.githubusercontent.com/u/11021165?v=4,13,11021165,SamuelMcAravey,False,User,2026-01-26T20:07:57.333021,1
https://github.com/rmhomecouk,https://avatars.githubusercontent.com/u/1660867?v=4,14,1660867,rmhomecouk,False,User,2026-01-26T20:07:57.333021,1
https://github.com/blackjid,https://avatars.githubusercontent.com/u/228037?v=4,15,228037,blackjid,False,User,2026-01-26T20:07:57.333021,1
https://github.com/luisrudge,https://avatars.githubusercontent.com/u/941075?v=4,16,941075,luisrudge,False,User,2026-01-26T20:07:57.333021,1
https://github.com/xl1,https://avatars.githubusercontent.com/u/705435?v=4,17,705435,xl1,False,User,2026-01-26T20:07:57.333021,1
https://github.com/rversaw,https://avatars.githubusercontent.com/u/171542?v=4,18,171542,rversaw,False,User,2026-01-26T20:07:57.333021,1
https://github.com/lingsamuel,https://avatars.githubusercontent.com/u/14567045?v=4,19,14567045,lingsamuel,False,User,2026-01-26T20:07:57.333021,1
https://github.com/Lajt,https://avatars.githubusercontent.com/u/5581294?v=4,20,5581294,Lajt,False,User,2026-01-26T20:07:57.333021,1
https://github.com/andre-meier,https://avatars.githubusercontent.com/u/1611511?v=4,21,1611511,andre-meier,False,User,2026-01-26T20:07:57.333021,1
https://github.com/stoyandimov,https://avatars.githubusercontent.com/u/1770309?v=4,22,1770309,stoyandimov,False,User,2026-01-26T20:07:57.333021,1
https://github.com/praeclarum,https://avatars.githubusercontent.com/u/323548?v=4,23,323548,praeclarum,False,User,2026-01-26T20:07:57.333021,1
https://github.com/hrach,https://avatars.githubusercontent.com/u/284263?v=4,24,284263,hrach,False,User,2026-01-26T20:07:57.333021,1
https://github.com/mrbcmorris,https://avatars.githubusercontent.com/u/2433018?v=4,25,2433018,mrbcmorris,False,User,2026-01-26T20:07:57.333021,1
https://github.com/niemyjski,https://avatars.githubusercontent.com/u/1020579?v=4,26,1020579,niemyjski,False,User,2026-01-26T20:07:57.333021,1
https://github.com/arcadiogarcia,https://avatars.githubusercontent.com/u/9416356?v=4,27,9416356,arcadiogarcia,False,User,2026-01-26T20:07:57.333021,1
https://github.com/thiagoamarante,https://avatars.githubusercontent.com/u/2230943?v=4,28,2230943,thiagoamarante,False,User,2026-01-26T20:07:57.333021,1
https://github.com/andyedinborough,https://avatars.githubusercontent.com/u/169139?v=4,29,169139,andyedinborough,False,User,2026-01-26T20:07:57.333021,1
https://github.com/petternilsen,https://avatars.githubusercontent.com/u/14113788?v=4,30,14113788,petternilsen,False,User,2026-01-26T20:07:57.333021,1
https://github.com/hnq90,https://avatars.githubusercontent.com/u/1875666?v=4,31,1875666,hnq90,False,User,2026-01-26T20:07:57.333021,1
https://github.com/adambyram,https://avatars.githubusercontent.com/u/78907?v=4,32,78907,adambyram,False,User,2026-01-26T20:07:57.333021,1
https://github.com/juristr,https://avatars.githubusercontent.com/u/542458?v=4,33,542458,juristr,False,User,2026-01-26T20:07:57.333021,1
https://github.com/plaurin,https://avatars.githubusercontent.com/u/1767752?v=4,34,1767752,plaurin,False,User,2026-01-26T20:07:57.333021,1
https://github.com/39digits,https://avatars.githubusercontent.com/u/719731?v=4,35,719731,39digits,False,User,2026-01-26T20:07:57.333021,1
https://github.com/jpierson,https://avatars.githubusercontent.com/u/1467146?v=4,36,1467146,jpierson,False,User,2026-01-26T20:07:57.333021,1
https://github.com/rudygt,https://avatars.githubusercontent.com/u/1120692?v=4,37,1120692,rudygt,False,User,2026-01-26T20:07:57.333021,1
https://github.com/orybak,https://avatars.githubusercontent.com/u/508674?v=4,38,508674,orybak,False,User,2026-01-26T20:07:57.333021,1
https://github.com/raphalanda,https://avatars.githubusercontent.com/u/2708603?v=4,39,2708603,raphalanda,False,User,2026-01-26T20:07:57.333021,1
https://github.com/pebezo,https://avatars.githubusercontent.com/u/1287097?v=4,40,1287097,pebezo,False,User,2026-01-26T20:07:57.333021,1
https://github.com/nerdomaly,https://avatars.githubusercontent.com/u/5597904?v=4,41,5597904,nerdomaly,False,User,2026-01-26T20:07:57.333021,1
https://github.com/petrbalat,https://avatars.githubusercontent.com/u/1786361?v=4,42,1786361,petrbalat,False,User,2026-01-26T20:07:57.333021,1
https://github.com/laurentkempe,https://avatars.githubusercontent.com/u/272612?v=4,43,272612,laurentkempe,False,User,2026-01-26T20:07:57.333021,1
https://github.com/farukc,https://avatars.githubusercontent.com/u/4380204?v=4,44,4380204,farukc,False,User,2026-01-26T20:07:57.333021,1
https://github.com/AbdouSlayne,https://avatars.githubusercontent.com/u/7440727?v=4,45,7440727,AbdouSlayne,False,User,2026-01-26T20:07:57.333021,1
https://github.com/rprouse,https://avatars.githubusercontent.com/u/493828?v=4,46,493828,rprouse,False,User,2026-01-26T20:07:57.333021,1
https://github.com/ellern,https://avatars.githubusercontent.com/u/4930511?v=4,47,4930511,ellern,False,User,2026-01-26T20:07:57.333021,1
https://github.com/chap19150,https://avatars.githubusercontent.com/u/288701?v=4,48,288701,chap19150,False,User,2026-01-26T20:07:57.333021,1
https://github.com/sorskoot,https://avatars.githubusercontent.com/u/2283621?v=4,49,2283621,sorskoot,False,User,2026-01-26T20:07:57.333021,1
https://github.com/fredimachado,https://avatars.githubusercontent.com/u/29800?v=4,50,29800,fredimachado,False,User,2026-01-26T20:07:57.333021,1
https://github.com/tribou,https://avatars.githubusercontent.com/u/1641390?v=4,51,1641390,tribou,False,User,2026-01-26T20:07:57.333021,1
https://github.com/sunoru,https://avatars.githubusercontent.com/u/1469360?v=4,52,1469360,sunoru,False,User,2026-01-26T20:07:57.333021,1
https://github.com/JoeBrockhaus,https://avatars.githubusercontent.com/u/5933609?v=4,53,5933609,JoeBrockhaus,False,User,2026-01-26T20:07:57.333021,1
https://github.com/jphellemons,https://avatars.githubusercontent.com/u/1119134?v=4,54,1119134,jphellemons,False,User,2026-01-26T20:07:57.333021,1
https://github.com/leemac,https://avatars.githubusercontent.com/u/245040?v=4,55,245040,leemac,False,User,2026-01-26T20:07:57.333021,1
https://github.com/stef-levesque,https://avatars.githubusercontent.com/u/7251102?v=4,56,7251102,stef-levesque,False,User,2026-01-26T20:07:57.333021,1
https://github.com/Snoww3d,https://avatars.githubusercontent.com/u/800712?v=4,57,800712,Snoww3d,False,User,2026-01-26T20:07:57.333021,1
https://github.com/Chris-Dickerson,https://avatars.githubusercontent.com/u/222110?v=4,58,222110,Chris-Dickerson,False,User,2026-01-26T20:07:57.333021,1
https://github.com/nikhilrj,https://avatars.githubusercontent.com/u/4022322?v=4,59,4022322,nikhilrj,False,User,2026-01-26T20:07:57.333021,1
https://github.com/IsaacZhi,https://avatars.githubusercontent.com/u/1811508?v=4,60,1811508,IsaacZhi,False,User,2026-01-26T20:07:57.333021,1
https://github.com/richorama,https://avatars.githubusercontent.com/u/353138?v=4,61,353138,richorama,False,User,2026-01-26T20:07:57.333021,1
https://github.com/augustoproiete,https://avatars.githubusercontent.com/u/177608?v=4,62,177608,augustoproiete,False,User,2026-01-26T20:07:57.333021,1
https://github.com/dannycabrera,https://avatars.githubusercontent.com/u/1189224?v=4,63,1189224,dannycabrera,False,User,2026-01-26T20:07:57.333021,1
https://github.com/Steve-Fenton,https://avatars.githubusercontent.com/u/1036595?v=4,64,1036595,Steve-Fenton,False,User,2026-01-26T20:07:57.333021,1
https://github.com/jbaxleyiii,https://avatars.githubusercontent.com/u/4967600?v=4,65,4967600,jbaxleyiii,False,User,2026-01-26T20:07:57.333021,1
https://github.com/xied75,https://avatars.githubusercontent.com/u/1682456?v=4,66,1682456,xied75,False,User,2026-01-26T20:07:57.333021,1
https://github.com/jrummell,https://avatars.githubusercontent.com/u/495979?v=4,67,495979,jrummell,False,User,2026-01-26T20:07:57.333021,1
https://github.com/torokze,https://avatars.githubusercontent.com/u/4497372?v=4,68,4497372,torokze,False,User,2026-01-26T20:07:57.333021,1
https://github.com/seemantr,https://avatars.githubusercontent.com/u/5182698?v=4,69,5182698,seemantr,False,User,2026-01-26T20:07:57.333021,1
https://github.com/randalf-sr,https://avatars.githubusercontent.com/u/3980762?v=4,70,3980762,randalf-sr,False,User,2026-01-26T20:07:57.333021,1
https://github.com/janierdavila,https://avatars.githubusercontent.com/u/435863?v=4,71,435863,janierdavila,False,User,2026-01-26T20:07:57.333021,1
https://github.com/Thwaitesy,https://avatars.githubusercontent.com/u/1551204?v=4,72,1551204,Thwaitesy,False,User,2026-01-26T20:07:57.333021,1
https://github.com/gaojunxuan,https://avatars.githubusercontent.com/u/8512235?v=4,73,8512235,gaojunxuan,False,User,2026-01-26T20:07:57.333021,1
https://github.com/thewizster,https://avatars.githubusercontent.com/u/1342438?v=4,74,1342438,thewizster,False,User,2026-01-26T20:07:57.333021,1
https://github.com/LokiMidgard,https://avatars.githubusercontent.com/u/389101?v=4,75,389101,LokiMidgard,False,User,2026-01-26T20:07:57.333021,1
https://github.com/AndyMDoyle,https://avatars.githubusercontent.com/u/307719?v=4,76,307719,AndyMDoyle,False,User,2026-01-26T20:07:57.333021,1
https://github.com/sjswoboda,https://avatars.githubusercontent.com/u/2414629?v=4,77,2414629,sjswoboda,False,User,2026-01-26T20:07:57.333021,1
https://github.com/darkl,https://avatars.githubusercontent.com/u/1126390?v=4,78,1126390,darkl,False,User,2026-01-26T20:07:57.333021,1
https://github.com/bryangm,https://avatars.githubusercontent.com/u/1651492?v=4,79,1651492,bryangm,False,User,2026-01-26T20:07:57.333021,1
https://github.com/szmtcjm,https://avatars.githubusercontent.com/u/2938650?v=4,80,2938650,szmtcjm,False,User,2026-01-26T20:07:57.333021,1
https://github.com/robertmiles3,https://avatars.githubusercontent.com/u/944302?v=4,81,944302,robertmiles3,False,User,2026-01-26T20:07:57.333021,1
https://github.com/RyotaSugawara,https://avatars.githubusercontent.com/u/2640378?v=4,82,2640378,RyotaSugawara,False,User,2026-01-26T20:07:57.333021,1
https://github.com/Vannevelj,https://avatars.githubusercontent.com/u/2777107?v=4,83,2777107,Vannevelj,False,User,2026-01-26T20:07:57.333021,1
https://github.com/TOgburn,https://avatars.githubusercontent.com/u/852298?v=4,84,852298,TOgburn,False,User,2026-01-26T20:07:57.333021,1
https://github.com/kierepka,https://avatars.githubusercontent.com/u/344056?v=4,85,344056,kierepka,False,User,2026-01-26T20:07:57.333021,1
https://github.com/MaciejLisCK,https://avatars.githubusercontent.com/u/1531086?v=4,86,1531086,MaciejLisCK,False,User,2026-01-26T20:07:57.333021,1
https://github.com/OlegKi,https://avatars.githubusercontent.com/u/249117?v=4,87,249117,OlegKi,False,User,2026-01-26T20:07:57.333021,1
https://github.com/Ethan-Bierlein,https://avatars.githubusercontent.com/u/11580295?v=4,88,11580295,Ethan-Bierlein,False,User,2026-01-26T20:07:57.333021,1
https://github.com/rhinojosa,https://avatars.githubusercontent.com/u/198409?v=4,89,198409,rhinojosa,False,User,2026-01-26T20:07:57.333021,1
https://github.com/MisterJames,https://avatars.githubusercontent.com/u/1197383?v=4,90,1197383,MisterJames,False,User,2026-01-26T20:07:57.333021,1
https://github.com/bilderbach,https://avatars.githubusercontent.com/u/33103?v=4,91,33103,bilderbach,False,User,2026-01-26T20:07:57.333021,1
https://github.com/brenopolanski,https://avatars.githubusercontent.com/u/1894191?v=4,92,1894191,brenopolanski,False,User,2026-01-26T20:07:57.333021,1
https://github.com/sitereactor,https://avatars.githubusercontent.com/u/1398823?v=4,93,1398823,sitereactor,False,User,2026-01-26T20:07:57.333021,1
https://github.com/hamamotsu,https://avatars.githubusercontent.com/u/4524950?v=4,94,4524950,hamamotsu,False,User,2026-01-26T20:07:57.333021,1
https://github.com/mseri,https://avatars.githubusercontent.com/u/4040623?v=4,95,4040623,mseri,False,User,2026-01-26T20:07:57.333021,1
https://github.com/mthierba,https://avatars.githubusercontent.com/u/3763662?v=4,96,3763662,mthierba,False,User,2026-01-26T20:07:57.333021,1
https://github.com/banguit,https://avatars.githubusercontent.com/u/1370537?v=4,97,1370537,banguit,False,User,2026-01-26T20:07:57.333021,1
https://github.com/kimitoboku,https://avatars.githubusercontent.com/u/4329514?v=4,98,4329514,kimitoboku,False,User,2026-01-26T20:07:57.333021,1
https://github.com/KasimMB,https://avatars.githubusercontent.com/u/14933421?v=4,99,14933421,KasimMB,False,User,2026-01-26T20:07:57.333021,1
https://github.com/dinowang,https://avatars.githubusercontent.com/u/3980212?v=4,100,3980212,dinowang,False,User,2026-01-26T20:07:57.333021,1
https://github.com/ikihiki,https://avatars.githubusercontent.com/u/10381802?v=4,101,10381802,ikihiki,False,User,2026-01-26T20:07:59.553755,2
https://github.com/ritksm,https://avatars.githubusercontent.com/u/111809?v=4,102,111809,ritksm,False,User,2026-01-26T20:07:59.553755,2
https://github.com/Doppp,https://avatars.githubusercontent.com/u/627410?v=4,103,627410,Doppp,False,User,2026-01-26T20:07:59.553755,2
https://github.com/bartvanderwal,https://avatars.githubusercontent.com/u/3029472?v=4,104,3029472,bartvanderwal,False,User,2026-01-26T20:07:59.553755,2
https://github.com/andrewhathaway,https://avatars.githubusercontent.com/u/1188830?v=4,105,1188830,andrewhathaway,False,User,2026-01-26T20:07:59.553755,2
https://github.com/igayamaguchi,https://avatars.githubusercontent.com/u/11827466?v=4,106,11827466,igayamaguchi,False,User,2026-01-26T20:07:59.553755,2
https://github.com/conradj,https://avatars.githubusercontent.com/u/4677569?v=4,107,4677569,conradj,False,User,2026-01-26T20:07:59.553755,2
https://github.com/gpuido,https://avatars.githubusercontent.com/u/11414503?v=4,108,11414503,gpuido,False,User,2026-01-26T20:07:59.553755,2
https://github.com/EricRohlfs,https://avatars.githubusercontent.com/u/697757?v=4,109,697757,EricRohlfs,False,User,2026-01-26T20:07:59.553755,2
https://github.com/nightstyles,https://avatars.githubusercontent.com/u/8100448?v=4,110,8100448,nightstyles,False,User,2026-01-26T20:07:59.553755,2
https://github.com/jmboils,https://avatars.githubusercontent.com/u/2297885?v=4,111,2297885,jmboils,False,User,2026-01-26T20:07:59.553755,2
https://github.com/NPadrutt,https://avatars.githubusercontent.com/u/1764367?v=4,112,1764367,NPadrutt,False,User,2026-01-26T20:07:59.553755,2
https://github.com/jumpinjackie,https://avatars.githubusercontent.com/u/563860?v=4,113,563860,jumpinjackie,False,User,2026-01-26T20:07:59.553755,2
https://github.com/feki,https://avatars.githubusercontent.com/u/1194636?v=4,114,1194636,feki,False,User,2026-01-26T20:07:59.553755,2
https://github.com/DibranMulder,https://avatars.githubusercontent.com/u/5592416?v=4,115,5592416,DibranMulder,False,User,2026-01-26T20:07:59.553755,2
https://github.com/markheath,https://avatars.githubusercontent.com/u/147668?v=4,116,147668,markheath,False,User,2026-01-26T20:07:59.553755,2
https://github.com/rspcoding,https://avatars.githubusercontent.com/u/11905685?v=4,117,11905685,rspcoding,False,User,2026-01-26T20:07:59.553755,2
https://github.com/jeseekia,https://avatars.githubusercontent.com/u/8432802?v=4,118,8432802,jeseekia,False,User,2026-01-26T20:07:59.553755,2
https://github.com/flkalces,https://avatars.githubusercontent.com/u/8693487?v=4,119,8693487,flkalces,False,User,2026-01-26T20:07:59.553755,2
https://github.com/albertux,https://avatars.githubusercontent.com/u/9578?v=4,120,9578,albertux,False,User,2026-01-26T20:07:59.553755,2
https://github.com/icchu,https://avatars.githubusercontent.com/u/11482479?v=4,121,11482479,icchu,False,User,2026-01-26T20:07:59.553755,2
https://github.com/takebayashi-ma,https://avatars.githubusercontent.com/u/703855?v=4,122,703855,takebayashi-ma,False,User,2026-01-26T20:07:59.553755,2
https://github.com/Jaex,https://avatars.githubusercontent.com/u/822090?v=4,123,822090,Jaex,False,User,2026-01-26T20:07:59.553755,2
https://github.com/colettemoran,https://avatars.githubusercontent.com/u/1247435?v=4,124,1247435,colettemoran,False,User,2026-01-26T20:07:59.553755,2
https://github.com/piwi1263,https://avatars.githubusercontent.com/u/10466039?v=4,125,10466039,piwi1263,False,User,2026-01-26T20:07:59.553755,2
https://github.com/sebastian-wientzek,https://avatars.githubusercontent.com/u/6043437?v=4,126,6043437,sebastian-wientzek,False,User,2026-01-26T20:07:59.553755,2
https://github.com/jetzfly,https://avatars.githubusercontent.com/u/4142930?v=4,127,4142930,jetzfly,False,User,2026-01-26T20:07:59.553755,2
https://github.com/spontoreau,https://avatars.githubusercontent.com/u/3357643?v=4,128,3357643,spontoreau,False,User,2026-01-26T20:07:59.553755,2
https://github.com/abnerdasdores,https://avatars.githubusercontent.com/u/4368003?v=4,129,4368003,abnerdasdores,False,User,2026-01-26T20:07:59.553755,2
https://github.com/denisfitz57,https://avatars.githubusercontent.com/u/1459124?v=4,130,1459124,denisfitz57,False,User,2026-01-26T20:07:59.553755,2
https://github.com/starshipxac,https://avatars.githubusercontent.com/u/1764452?v=4,131,1764452,starshipxac,False,User,2026-01-26T20:07:59.553755,2
https://github.com/RobDaPraia,https://avatars.githubusercontent.com/u/3207395?v=4,132,3207395,RobDaPraia,False,User,2026-01-26T20:07:59.553755,2
https://github.com/lucazulian,https://avatars.githubusercontent.com/u/3492584?v=4,133,3492584,lucazulian,False,User,2026-01-26T20:07:59.553755,2
https://github.com/LondonITGeek,https://avatars.githubusercontent.com/u/615601?v=4,134,615601,LondonITGeek,False,User,2026-01-26T20:07:59.553755,2
https://github.com/paulbjensen,https://avatars.githubusercontent.com/u/3840?v=4,135,3840,paulbjensen,False,User,2026-01-26T20:07:59.553755,2
https://github.com/davidparker,https://avatars.githubusercontent.com/u/1315012?v=4,136,1315012,davidparker,False,User,2026-01-26T20:07:59.553755,2
https://github.com/Tyriar,https://avatars.githubusercontent.com/u/2193314?v=4,137,2193314,Tyriar,True,User,2026-01-26T20:07:59.553755,2
https://github.com/gaogao-9,https://avatars.githubusercontent.com/u/9548212?v=4,138,9548212,gaogao-9,False,User,2026-01-26T20:07:59.553755,2
https://github.com/AndreaPic,https://avatars.githubusercontent.com/u/15085592?v=4,139,15085592,AndreaPic,False,User,2026-01-26T20:07:59.553755,2
https://github.com/gregoryagu,https://avatars.githubusercontent.com/u/3810620?v=4,140,3810620,gregoryagu,False,User,2026-01-26T20:07:59.553755,2
https://github.com/devCareOtter,https://avatars.githubusercontent.com/u/12303183?v=4,141,12303183,devCareOtter,False,User,2026-01-26T20:07:59.553755,2
https://github.com/x2357,https://avatars.githubusercontent.com/u/317623?v=4,142,317623,x2357,False,User,2026-01-26T20:07:59.553755,2
https://github.com/ygrenier,https://avatars.githubusercontent.com/u/625432?v=4,143,625432,ygrenier,False,User,2026-01-26T20:07:59.553755,2
https://github.com/pthomson,https://avatars.githubusercontent.com/u/2945852?v=4,144,2945852,pthomson,False,User,2026-01-26T20:07:59.553755,2
https://github.com/jrotello,https://avatars.githubusercontent.com/u/265694?v=4,145,265694,jrotello,False,User,2026-01-26T20:07:59.553755,2
https://github.com/Josemsar,https://avatars.githubusercontent.com/u/4954345?v=4,146,4954345,Josemsar,False,User,2026-01-26T20:07:59.553755,2
https://github.com/tatsuyadaicho,https://avatars.githubusercontent.com/u/709674?v=4,147,709674,tatsuyadaicho,False,User,2026-01-26T20:07:59.553755,2
https://github.com/leiza,https://avatars.githubusercontent.com/u/15672088?v=4,148,15672088,leiza,False,User,2026-01-26T20:07:59.553755,2
https://github.com/roland-ewald,https://avatars.githubusercontent.com/u/392143?v=4,149,392143,roland-ewald,False,User,2026-01-26T20:07:59.553755,2
https://github.com/m2wasabi,https://avatars.githubusercontent.com/u/3489286?v=4,150,3489286,m2wasabi,False,User,2026-01-26T20:07:59.553755,2
https://github.com/glang007,https://avatars.githubusercontent.com/u/7879063?v=4,151,7879063,glang007,False,User,2026-01-26T20:07:59.553755,2
https://github.com/ylux587,https://avatars.githubusercontent.com/u/10621694?v=4,152,10621694,ylux587,False,User,2026-01-26T20:07:59.553755,2
https://github.com/disjukr,https://avatars.githubusercontent.com/u/690661?v=4,153,690661,disjukr,False,User,2026-01-26T20:07:59.553755,2
https://github.com/ButchersBoy,https://avatars.githubusercontent.com/u/658107?v=4,154,658107,ButchersBoy,False,User,2026-01-26T20:07:59.553755,2
https://github.com/miiitch,https://avatars.githubusercontent.com/u/2396269?v=4,155,2396269,miiitch,False,User,2026-01-26T20:07:59.553755,2
https://github.com/kevinpriester,https://avatars.githubusercontent.com/u/766330?v=4,156,766330,kevinpriester,False,User,2026-01-26T20:07:59.553755,2
https://github.com/BeingDev,https://avatars.githubusercontent.com/u/3894058?v=4,157,3894058,BeingDev,False,User,2026-01-26T20:07:59.553755,2
https://github.com/Isrelo,https://avatars.githubusercontent.com/u/9345737?v=4,158,9345737,Isrelo,False,User,2026-01-26T20:07:59.553755,2
https://github.com/d6rkaiz,https://avatars.githubusercontent.com/u/170124?v=4,159,170124,d6rkaiz,False,User,2026-01-26T20:07:59.553755,2
https://github.com/luthus,https://avatars.githubusercontent.com/u/6244101?v=4,160,6244101,luthus,False,User,2026-01-26T20:07:59.553755,2
https://github.com/JakubLinhart,https://avatars.githubusercontent.com/u/1675735?v=4,161,1675735,JakubLinhart,False,User,2026-01-26T20:07:59.553755,2
https://github.com/abashkirtsev,https://avatars.githubusercontent.com/u/458468?v=4,162,458468,abashkirtsev,False,User,2026-01-26T20:07:59.553755,2
https://github.com/sigges79,https://avatars.githubusercontent.com/u/15910800?v=4,163,15910800,sigges79,False,User,2026-01-26T20:07:59.553755,2
https://github.com/AntiPhotonz,https://avatars.githubusercontent.com/u/1709437?v=4,164,1709437,AntiPhotonz,False,User,2026-01-26T20:07:59.553755,2
https://github.com/pontab,https://avatars.githubusercontent.com/u/7547638?v=4,165,7547638,pontab,False,User,2026-01-26T20:07:59.553755,2
https://github.com/njpatel,https://avatars.githubusercontent.com/u/1512227?v=4,166,1512227,njpatel,False,User,2026-01-26T20:07:59.553755,2
https://github.com/kristiandamian,https://avatars.githubusercontent.com/u/3248219?v=4,167,3248219,kristiandamian,False,User,2026-01-26T20:07:59.553755,2
https://github.com/hisano,https://avatars.githubusercontent.com/u/76080?v=4,168,76080,hisano,False,User,2026-01-26T20:07:59.553755,2
https://github.com/gpoul,https://avatars.githubusercontent.com/u/161626?v=4,169,161626,gpoul,False,User,2026-01-26T20:07:59.553755,2
https://github.com/ismaelgasparin,https://avatars.githubusercontent.com/u/3344527?v=4,170,3344527,ismaelgasparin,False,User,2026-01-26T20:07:59.553755,2
https://github.com/pawchen,https://avatars.githubusercontent.com/u/159110?v=4,171,159110,pawchen,False,User,2026-01-26T20:07:59.553755,2
https://github.com/i3arnon,https://avatars.githubusercontent.com/u/6595156?v=4,172,6595156,i3arnon,False,User,2026-01-26T20:07:59.553755,2
https://github.com/binarycrusader,https://avatars.githubusercontent.com/u/541114?v=4,173,541114,binarycrusader,False,User,2026-01-26T20:07:59.553755,2
https://github.com/bmacm,https://avatars.githubusercontent.com/u/13999721?v=4,174,13999721,bmacm,False,User,2026-01-26T20:07:59.553755,2
https://github.com/DandyMania,https://avatars.githubusercontent.com/u/2414102?v=4,175,2414102,DandyMania,False,User,2026-01-26T20:07:59.553755,2
https://github.com/giggio,https://avatars.githubusercontent.com/u/334958?v=4,176,334958,giggio,False,User,2026-01-26T20:07:59.553755,2
https://github.com/madili,https://avatars.githubusercontent.com/u/1619534?v=4,177,1619534,madili,False,User,2026-01-26T20:07:59.553755,2
https://github.com/JeremyNevill,https://avatars.githubusercontent.com/u/19759?v=4,178,19759,JeremyNevill,False,User,2026-01-26T20:07:59.553755,2
https://github.com/sumitgouthaman,https://avatars.githubusercontent.com/u/934190?v=4,179,934190,sumitgouthaman,False,User,2026-01-26T20:07:59.553755,2
https://github.com/marcomorain,https://avatars.githubusercontent.com/u/448001?v=4,180,448001,marcomorain,False,User,2026-01-26T20:07:59.553755,2
https://github.com/joeduffy,https://avatars.githubusercontent.com/u/3953235?v=4,181,3953235,joeduffy,False,User,2026-01-26T20:07:59.553755,2
https://github.com/Stephanvs,https://avatars.githubusercontent.com/u/375631?v=4,182,375631,Stephanvs,False,User,2026-01-26T20:07:59.553755,2
https://github.com/mahmou6,https://avatars.githubusercontent.com/u/12194494?v=4,183,12194494,mahmou6,False,User,2026-01-26T20:07:59.553755,2
https://github.com/tee3,https://avatars.githubusercontent.com/u/231540?v=4,184,231540,tee3,False,User,2026-01-26T20:07:59.553755,2
https://github.com/jmatsu,https://avatars.githubusercontent.com/u/4340693?v=4,185,4340693,jmatsu,False,User,2026-01-26T20:07:59.553755,2
https://github.com/matthewrobb,https://avatars.githubusercontent.com/u/387251?v=4,186,387251,matthewrobb,False,User,2026-01-26T20:07:59.553755,2
https://github.com/jeremyhil,https://avatars.githubusercontent.com/u/1441335?v=4,187,1441335,jeremyhil,False,User,2026-01-26T20:07:59.553755,2
https://github.com/iwhp,https://avatars.githubusercontent.com/u/1591872?v=4,188,1591872,iwhp,False,User,2026-01-26T20:07:59.553755,2
https://github.com/thebaer,https://avatars.githubusercontent.com/u/1138779?v=4,189,1138779,thebaer,False,User,2026-01-26T20:07:59.553755,2
https://github.com/seelanca,https://avatars.githubusercontent.com/u/15910829?v=4,190,15910829,seelanca,False,User,2026-01-26T20:07:59.553755,2
https://github.com/ScottDillman,https://avatars.githubusercontent.com/u/943437?v=4,191,943437,ScottDillman,False,User,2026-01-26T20:07:59.553755,2
https://github.com/danielpfernandes,https://avatars.githubusercontent.com/u/7748890?v=4,192,7748890,danielpfernandes,False,User,2026-01-26T20:07:59.553755,2
https://github.com/j-lustig,https://avatars.githubusercontent.com/u/11247241?v=4,193,11247241,j-lustig,False,User,2026-01-26T20:07:59.553755,2
https://github.com/dgryski,https://avatars.githubusercontent.com/u/970862?v=4,194,970862,dgryski,False,User,2026-01-26T20:07:59.553755,2
https://github.com/jamesmackinnon,https://avatars.githubusercontent.com/u/77253?v=4,195,77253,jamesmackinnon,False,User,2026-01-26T20:07:59.553755,2
https://github.com/stefan-jonker,https://avatars.githubusercontent.com/u/529824?v=4,196,529824,stefan-jonker,False,User,2026-01-26T20:07:59.553755,2
https://github.com/axeltaylor,https://avatars.githubusercontent.com/u/5933493?v=4,197,5933493,axeltaylor,False,User,2026-01-26T20:07:59.553755,2
https://github.com/slang25,https://avatars.githubusercontent.com/u/1341446?v=4,198,1341446,slang25,False,User,2026-01-26T20:07:59.553755,2
https://github.com/MaherJendoubi,https://avatars.githubusercontent.com/u/1798510?v=4,199,1798510,MaherJendoubi,False,User,2026-01-26T20:07:59.553755,2
https://github.com/giovannicalo,https://avatars.githubusercontent.com/u/7034612?v=4,200,7034612,giovannicalo,False,User,2026-01-26T20:07:59.553755,2
https://github.com/DamianReeves,https://avatars.githubusercontent.com/u/957246?v=4,201,957246,DamianReeves,False,User,2026-01-26T20:08:01.653642,3
https://github.com/ds0nt,https://avatars.githubusercontent.com/u/1015732?v=4,202,1015732,ds0nt,False,User,2026-01-26T20:08:01.653642,3
https://github.com/charleslbryant,https://avatars.githubusercontent.com/u/195051?v=4,203,195051,charleslbryant,False,User,2026-01-26T20:08:01.653642,3
https://github.com/littleq0903,https://avatars.githubusercontent.com/u/374786?v=4,204,374786,littleq0903,False,User,2026-01-26T20:08:01.653642,3
https://github.com/loretoparisi,https://avatars.githubusercontent.com/u/163333?v=4,205,163333,loretoparisi,False,User,2026-01-26T20:08:01.653642,3
https://github.com/MergHQ,https://avatars.githubusercontent.com/u/5868954?v=4,206,5868954,MergHQ,False,User,2026-01-26T20:08:01.653642,3
https://github.com/baljeetsingh,https://avatars.githubusercontent.com/u/344965?v=4,207,344965,baljeetsingh,False,User,2026-01-26T20:08:01.653642,3
https://github.com/StefanScherer,https://avatars.githubusercontent.com/u/207759?v=4,208,207759,StefanScherer,False,User,2026-01-26T20:08:01.653642,3
https://github.com/horar,https://avatars.githubusercontent.com/u/454703?v=4,209,454703,horar,False,User,2026-01-26T20:08:01.653642,3
https://github.com/pospanet,https://avatars.githubusercontent.com/u/2960707?v=4,210,2960707,pospanet,False,User,2026-01-26T20:08:01.653642,3
https://github.com/kkbruce,https://avatars.githubusercontent.com/u/2024682?v=4,211,2024682,kkbruce,False,User,2026-01-26T20:08:01.653642,3
https://github.com/dan-dr,https://avatars.githubusercontent.com/u/6669808?v=4,212,6669808,dan-dr,False,User,2026-01-26T20:08:01.653642,3
https://github.com/gsferreira,https://avatars.githubusercontent.com/u/1719764?v=4,213,1719764,gsferreira,False,User,2026-01-26T20:08:01.653642,3
https://github.com/IvanBCosta,https://avatars.githubusercontent.com/u/2137397?v=4,214,2137397,IvanBCosta,False,User,2026-01-26T20:08:01.653642,3
https://github.com/tsotnet,https://avatars.githubusercontent.com/u/5042959?v=4,215,5042959,tsotnet,False,User,2026-01-26T20:08:01.653642,3
https://github.com/balazs4,https://avatars.githubusercontent.com/u/2198240?v=4,216,2198240,balazs4,False,User,2026-01-26T20:08:01.653642,3
https://github.com/jeroldhaas,https://avatars.githubusercontent.com/u/835976?v=4,217,835976,jeroldhaas,False,User,2026-01-26T20:08:01.653642,3
https://github.com/taivare,https://avatars.githubusercontent.com/u/4285584?v=4,218,4285584,taivare,False,User,2026-01-26T20:08:01.653642,3
https://github.com/mattiascibien,https://avatars.githubusercontent.com/u/1300681?v=4,219,1300681,mattiascibien,False,User,2026-01-26T20:08:01.653642,3
https://github.com/kimkj2017,https://avatars.githubusercontent.com/u/8580956?v=4,220,8580956,kimkj2017,False,User,2026-01-26T20:08:01.653642,3
https://github.com/MariusTirca,https://avatars.githubusercontent.com/u/516291?v=4,221,516291,MariusTirca,False,User,2026-01-26T20:08:01.653642,3
https://github.com/vicentedealencar,https://avatars.githubusercontent.com/u/1762868?v=4,222,1762868,vicentedealencar,False,User,2026-01-26T20:08:01.653642,3
https://github.com/Or3lll,https://avatars.githubusercontent.com/u/1235516?v=4,223,1235516,Or3lll,False,User,2026-01-26T20:08:01.653642,3
https://github.com/Krzysztof-Cieslak,https://avatars.githubusercontent.com/u/5427083?v=4,224,5427083,Krzysztof-Cieslak,True,User,2026-01-26T20:08:01.653642,3
https://github.com/tlk,https://avatars.githubusercontent.com/u/90870?v=4,225,90870,tlk,False,User,2026-01-26T20:08:01.653642,3
https://github.com/osigas,https://avatars.githubusercontent.com/u/1691808?v=4,226,1691808,osigas,False,User,2026-01-26T20:08:01.653642,3
https://github.com/cadupedroni,https://avatars.githubusercontent.com/u/2206405?v=4,227,2206405,cadupedroni,False,User,2026-01-26T20:08:01.653642,3
https://github.com/Cogax,https://avatars.githubusercontent.com/u/5551103?v=4,228,5551103,Cogax,False,User,2026-01-26T20:08:01.653642,3
https://github.com/0x6773,https://avatars.githubusercontent.com/u/7235212?v=4,229,7235212,0x6773,False,User,2026-01-26T20:08:01.653642,3
https://github.com/hzlmn,https://avatars.githubusercontent.com/u/8246283?v=4,230,8246283,hzlmn,False,User,2026-01-26T20:08:01.653642,3
https://github.com/debben,https://avatars.githubusercontent.com/u/394623?v=4,231,394623,debben,False,User,2026-01-26T20:08:01.653642,3
https://github.com/maximilian-krauss,https://avatars.githubusercontent.com/u/914671?v=4,232,914671,maximilian-krauss,False,User,2026-01-26T20:08:01.653642,3
https://github.com/agdolla,https://avatars.githubusercontent.com/u/1113987?v=4,233,1113987,agdolla,False,User,2026-01-26T20:08:01.653642,3
https://github.com/duanenewman,https://avatars.githubusercontent.com/u/7385813?v=4,234,7385813,duanenewman,False,User,2026-01-26T20:08:01.653642,3
https://github.com/SantoshSrinivas79,https://avatars.githubusercontent.com/u/1036163?v=4,235,1036163,SantoshSrinivas79,False,User,2026-01-26T20:08:01.653642,3
https://github.com/adriancooney,https://avatars.githubusercontent.com/u/621110?v=4,236,621110,adriancooney,False,User,2026-01-26T20:08:01.653642,3
https://github.com/gesposito,https://avatars.githubusercontent.com/u/735227?v=4,237,735227,gesposito,False,User,2026-01-26T20:08:01.653642,3
https://github.com/zshift,https://avatars.githubusercontent.com/u/581760?v=4,238,581760,zshift,False,User,2026-01-26T20:08:01.653642,3
https://github.com/chouteau,https://avatars.githubusercontent.com/u/2536204?v=4,239,2536204,chouteau,False,User,2026-01-26T20:08:01.653642,3
https://github.com/JohnyNogueira,https://avatars.githubusercontent.com/u/5831242?v=4,240,5831242,JohnyNogueira,False,User,2026-01-26T20:08:01.653642,3
https://github.com/mykiwi,https://avatars.githubusercontent.com/u/334432?v=4,241,334432,mykiwi,False,User,2026-01-26T20:08:01.653642,3
https://github.com/Rican7,https://avatars.githubusercontent.com/u/742384?v=4,242,742384,Rican7,False,User,2026-01-26T20:08:01.653642,3
https://github.com/michalbcz,https://avatars.githubusercontent.com/u/481013?v=4,243,481013,michalbcz,False,User,2026-01-26T20:08:01.653642,3
https://github.com/rashiq,https://avatars.githubusercontent.com/u/1624385?v=4,244,1624385,rashiq,True,User,2026-01-26T20:08:01.653642,3
https://github.com/irperez,https://avatars.githubusercontent.com/u/1376080?v=4,245,1376080,irperez,False,User,2026-01-26T20:08:01.653642,3
https://github.com/valryon,https://avatars.githubusercontent.com/u/155884?v=4,246,155884,valryon,False,User,2026-01-26T20:08:01.653642,3
https://github.com/cornexo,https://avatars.githubusercontent.com/u/6303?v=4,247,6303,cornexo,False,User,2026-01-26T20:08:01.653642,3
https://github.com/jrsconfitto,https://avatars.githubusercontent.com/u/238079?v=4,248,238079,jrsconfitto,False,User,2026-01-26T20:08:01.653642,3
https://github.com/upamune,https://avatars.githubusercontent.com/u/8219560?v=4,249,8219560,upamune,False,User,2026-01-26T20:08:01.653642,3
https://github.com/monsendag,https://avatars.githubusercontent.com/u/864626?v=4,250,864626,monsendag,False,User,2026-01-26T20:08:01.653642,3
https://github.com/4mcn,https://avatars.githubusercontent.com/u/1911243?v=4,251,1911243,4mcn,False,User,2026-01-26T20:08:01.653642,3
https://github.com/naz,https://avatars.githubusercontent.com/u/675397?v=4,252,675397,naz,False,User,2026-01-26T20:08:01.653642,3
https://github.com/nikeee,https://avatars.githubusercontent.com/u/4068864?v=4,253,4068864,nikeee,False,User,2026-01-26T20:08:01.653642,3
https://github.com/jerome-terry-vgh,https://avatars.githubusercontent.com/u/12805693?v=4,254,12805693,jerome-terry-vgh,False,User,2026-01-26T20:08:01.653642,3
https://github.com/seoh,https://avatars.githubusercontent.com/u/2159453?v=4,255,2159453,seoh,False,User,2026-01-26T20:08:01.653642,3
https://github.com/orparnes,https://avatars.githubusercontent.com/u/8909735?v=4,256,8909735,orparnes,False,User,2026-01-26T20:08:01.653642,3
https://github.com/samanbarghi,https://avatars.githubusercontent.com/u/1661187?v=4,257,1661187,samanbarghi,False,User,2026-01-26T20:08:01.653642,3
https://github.com/atticoos,https://avatars.githubusercontent.com/u/656630?v=4,258,656630,atticoos,False,User,2026-01-26T20:08:01.653642,3
https://github.com/c-rack,https://avatars.githubusercontent.com/u/169184?v=4,259,169184,c-rack,False,User,2026-01-26T20:08:01.653642,3
https://github.com/JevinAnderson,https://avatars.githubusercontent.com/u/3373201?v=4,260,3373201,JevinAnderson,False,User,2026-01-26T20:08:01.653642,3
https://github.com/davemckeown,https://avatars.githubusercontent.com/u/2489271?v=4,261,2489271,davemckeown,False,User,2026-01-26T20:08:01.653642,3
https://github.com/blizzarddreams,https://avatars.githubusercontent.com/u/4932277?v=4,262,4932277,blizzarddreams,False,User,2026-01-26T20:08:01.653642,3
https://github.com/syoichi,https://avatars.githubusercontent.com/u/69238?v=4,263,69238,syoichi,False,User,2026-01-26T20:08:01.653642,3
https://github.com/conornwilson,https://avatars.githubusercontent.com/u/1938407?v=4,264,1938407,conornwilson,False,User,2026-01-26T20:08:01.653642,3
https://github.com/matt-diehl,https://avatars.githubusercontent.com/u/2118423?v=4,265,2118423,matt-diehl,False,User,2026-01-26T20:08:01.653642,3
https://github.com/CaBz,https://avatars.githubusercontent.com/u/1200620?v=4,266,1200620,CaBz,False,User,2026-01-26T20:08:01.653642,3
https://github.com/metadings,https://avatars.githubusercontent.com/u/1684098?v=4,267,1684098,metadings,False,User,2026-01-26T20:08:01.653642,3
https://github.com/azu,https://avatars.githubusercontent.com/u/19714?v=4,268,19714,azu,False,User,2026-01-26T20:08:01.653642,3
https://github.com/whoshuu,https://avatars.githubusercontent.com/u/4143617?v=4,269,4143617,whoshuu,False,User,2026-01-26T20:08:01.653642,3
https://github.com/andrewconnell,https://avatars.githubusercontent.com/u/2068657?v=4,270,2068657,andrewconnell,False,User,2026-01-26T20:08:01.653642,3
https://github.com/ckelner,https://avatars.githubusercontent.com/u/133862?v=4,271,133862,ckelner,False,User,2026-01-26T20:08:01.653642,3
https://github.com/jstruzik,https://avatars.githubusercontent.com/u/3697804?v=4,272,3697804,jstruzik,False,User,2026-01-26T20:08:01.653642,3
https://github.com/everpointer,https://avatars.githubusercontent.com/u/1550412?v=4,273,1550412,everpointer,False,User,2026-01-26T20:08:01.653642,3
https://github.com/hackerkid,https://avatars.githubusercontent.com/u/7190633?v=4,274,7190633,hackerkid,False,User,2026-01-26T20:08:01.653642,3
https://github.com/coding4food,https://avatars.githubusercontent.com/u/32126?v=4,275,32126,coding4food,False,User,2026-01-26T20:08:01.653642,3
https://github.com/rumaniel,https://avatars.githubusercontent.com/u/1735681?v=4,276,1735681,rumaniel,False,User,2026-01-26T20:08:01.653642,3
https://github.com/slsdo,https://avatars.githubusercontent.com/u/1634655?v=4,277,1634655,slsdo,False,User,2026-01-26T20:08:01.653642,3
https://github.com/Constellation,https://avatars.githubusercontent.com/u/9023?v=4,278,9023,Constellation,False,User,2026-01-26T20:08:01.653642,3
https://github.com/jknipp,https://avatars.githubusercontent.com/u/84280?v=4,279,84280,jknipp,False,User,2026-01-26T20:08:01.653642,3
https://github.com/jcberquist,https://avatars.githubusercontent.com/u/3498220?v=4,280,3498220,jcberquist,False,User,2026-01-26T20:08:01.653642,3
https://github.com/lkstz,https://avatars.githubusercontent.com/u/1665745?v=4,281,1665745,lkstz,False,User,2026-01-26T20:08:01.653642,3
https://github.com/YaroslavSchubert,https://avatars.githubusercontent.com/u/1731349?v=4,282,1731349,YaroslavSchubert,False,User,2026-01-26T20:08:01.653642,3
https://github.com/VladimirAmiorkov,https://avatars.githubusercontent.com/u/4989411?v=4,283,4989411,VladimirAmiorkov,False,User,2026-01-26T20:08:01.653642,3
https://github.com/bmv437,https://avatars.githubusercontent.com/u/1403707?v=4,284,1403707,bmv437,False,User,2026-01-26T20:08:01.653642,3
https://github.com/dte,https://avatars.githubusercontent.com/u/585865?v=4,285,585865,dte,False,User,2026-01-26T20:08:01.653642,3
https://github.com/bluetidepro,https://avatars.githubusercontent.com/u/410701?v=4,286,410701,bluetidepro,False,User,2026-01-26T20:08:01.653642,3
https://github.com/ivogabe,https://avatars.githubusercontent.com/u/4706418?v=4,287,4706418,ivogabe,False,User,2026-01-26T20:08:01.653642,3
https://github.com/dharmeshkakadia,https://avatars.githubusercontent.com/u/2123078?v=4,288,2123078,dharmeshkakadia,False,User,2026-01-26T20:08:01.653642,3
https://github.com/DavidDeSloovere,https://avatars.githubusercontent.com/u/352626?v=4,289,352626,DavidDeSloovere,False,User,2026-01-26T20:08:01.653642,3
https://github.com/gcaferra,https://avatars.githubusercontent.com/u/8588065?v=4,290,8588065,gcaferra,False,User,2026-01-26T20:08:01.653642,3
https://github.com/Luis-Palacios,https://avatars.githubusercontent.com/u/4844997?v=4,291,4844997,Luis-Palacios,False,User,2026-01-26T20:08:01.653642,3
https://github.com/x-strong,https://avatars.githubusercontent.com/u/3232261?v=4,292,3232261,x-strong,False,User,2026-01-26T20:08:01.653642,3
https://github.com/andrewt3000,https://avatars.githubusercontent.com/u/838741?v=4,293,838741,andrewt3000,False,User,2026-01-26T20:08:01.653642,3
https://github.com/yaotti,https://avatars.githubusercontent.com/u/18807?v=4,294,18807,yaotti,False,User,2026-01-26T20:08:01.653642,3
https://github.com/doggy8088,https://avatars.githubusercontent.com/u/88981?v=4,295,88981,doggy8088,False,User,2026-01-26T20:08:01.653642,3
https://github.com/ikesyo,https://avatars.githubusercontent.com/u/909674?v=4,296,909674,ikesyo,False,User,2026-01-26T20:08:01.653642,3
https://github.com/tompazourek,https://avatars.githubusercontent.com/u/370699?v=4,297,370699,tompazourek,False,User,2026-01-26T20:08:01.653642,3
https://github.com/lszomoru,https://avatars.githubusercontent.com/u/3372902?v=4,298,3372902,lszomoru,True,User,2026-01-26T20:08:01.653642,3
https://github.com/proxb,https://avatars.githubusercontent.com/u/5827856?v=4,299,5827856,proxb,False,User,2026-01-26T20:08:01.653642,3
https://github.com/erfannoury,https://avatars.githubusercontent.com/u/1921165?v=4,300,1921165,erfannoury,False,User,2026-01-26T20:08:01.653642,3
